lv1,lv2,lvrel,att1,att2,attrel,tech1,tech2,techrel,n1,n2,nrel,wp1,wp2,wprel,y
4.0,7.0,0.57,375.0,588.0,0.64,2.0,4.0,0.5,1,1,1.0,1.0,1.0,1.0,0.0
8.0,5.0,1.6,1350.0,448.0,3.01,4.0,3.0,1.33,1,1,1.0,1.0,1.0,1.0,1.0
9.0,13.0,0.69,1008.0,1680.0,0.6,4.0,6.0,0.67,1,1,1.0,1.0,1.0,1.0,0.0
8.0,10.0,0.8,864.0,1200.0,0.72,4.0,4.0,1.0,1,1,1.0,1.0,1.0,1.0,1.0
18.0,12.0,1.5,6912.0,1963.57,3.52,8.0,1.0,8.0,1,7,0.14,1.0,2.1799999999999997,0.46,0.0
19.0,11.6,1.64,5400.0,1615.0,3.34,9.0,5.4,1.67,1,5,0.2,1.0,1.0,1.0,0.0
16.0,15.0,1.07,3780.0,3456.0,1.09,7.0,7.0,1.0,1,1,1.0,1.0,1.0,1.0,1.0
10.0,6.62,1.51,1482.12,727.0,2.04,4.75,3.12,1.52,8,8,1.0,1.77,1.9,0.93,1.0
10.0,10.0,1.0,1440.0,1536.0,0.94,4.0,4.0,1.0,1,1,1.0,1.0,1.0,1.0,0.0
13.0,15.0,0.87,2880.0,3024.0,0.95,6.0,7.0,0.86,1,1,1.0,1.77,1.0,1.77,0.0
10.0,14.0,0.71,1620.0,3840.0,0.42,4.0,6.0,0.67,1,1,1.0,1.0,1.0,1.0,0.0
20.0,12.75,1.57,3872.0,2797.25,1.38,9.0,5.88,1.53,1,8,0.12,1.0,1.8900000000000001,0.53,0.0
7.0,6.0,1.17,672.0,432.0,1.56,1.0,1.0,1.0,1,1,1.0,1.0,1.0,1.0,0.0
6.0,13.0,0.46,540.0,2250.0,0.24,1.0,6.0,0.17,1,1,1.0,1.0,1.0,1.0,0.0
6.0,20.0,0.3,560.0,4368.0,0.13,3.0,9.0,0.33,1,1,1.0,1.0,1.0,1.0,0.0
8.0,8.0,1.0,900.0,720.0,1.25,4.0,4.0,1.0,1,1,1.0,1.8900000000000001,1.0,1.89,1.0
1.0,1.0,1.0,180.0,162.0,1.11,1.0,1.0,1.0,1,1,1.0,1.0,1.0,1.0,1.0
19.0,11.2,1.7,5376.0,1872.0,2.87,9.0,5.2,1.73,1,5,0.2,1.0,1.8,0.56,0.0
6.0,20.0,0.3,504.0,8640.0,0.06,3.0,9.0,0.33,1,1,1.0,1.0,1.0,1.0,0.0
12.0,17.0,0.71,1764.0,4200.0,0.42,5.0,8.0,0.62,1,1,1.0,1.0,1.0,1.0,0.0
6.0,6.0,1.0,600.0,720.0,0.83,3.0,3.5,0.86,1,2,0.5,1.0,1.0,1.0,0.0
10.0,5.0,2.0,1440.0,450.0,3.2,4.0,1.0,4.0,1,1,1.0,1.0,1.0,1.0,1.0
5.0,11.5,0.43,510.0,1536.0,0.33,2.5,1.0,2.5,2,2,1.0,1.0,1.0,1.0,0.0
7.0,1.0,7.0,576.0,192.0,3.0,1.0,1.0,1.0,1,1,1.0,1.0,1.8900000000000001,0.53,0.0
2.0,18.0,0.11,225.0,3920.0,0.06,1.0,1.0,1.0,1,1,1.0,1.0,1.0,1.0,0.0
5.0,10.0,0.5,500.0,1008.0,0.5,3.0,1.0,3.0,1,1,1.0,1.0,1.0,1.0,1.0
7.8,5.5,1.42,1314.6,568.5,2.31,4.0,2.5,1.6,5,2,2.5,1.92,1.76,1.09,1.0
14.0,6.67,2.1,2339.0,956.83,2.44,1.0,3.17,0.32,6,6,1.0,1.0,1.0,1.0,1.0
8.0,7.4,1.08,1424.0,962.2,1.48,3.8,3.6,1.06,5,5,1.0,1.76,1.0,1.76,0.0
19.0,4.0,4.75,5760.0,432.0,13.33,9.0,2.0,4.5,1,1,1.0,1.0,1.0,1.0,1.0
13.43,10.6,1.27,2761.14,1589.2,1.74,6.14,5.0,1.23,7,5,1.4,1.0,1.0,1.0,1.0
3.0,7.0,0.43,320.0,900.0,0.36,1.0,4.0,0.25,1,1,1.0,1.94,1.0,1.94,0.0
5.0,4.0,1.25,500.0,400.0,1.25,3.0,2.0,1.5,1,1,1.0,1.0,1.8199999999999998,0.55,0.0
8.25,15.0,0.55,1272.0,3412.0,0.37,4.0,7.0,0.57,8,2,4.0,1.8399999999999999,1.88,0.98,1.0
16.0,12.0,1.33,4032.0,1728.0,2.33,7.0,5.0,1.4,1,1,1.0,1.0,1.0,1.0,1.0
10.0,7.0,1.43,1176.0,576.0,2.04,1.0,4.0,0.25,1,1,1.0,1.0,1.0,1.0,1.0
11.0,3.0,3.67,1120.0,300.0,3.73,5.0,1.0,5.0,1,1,1.0,1.0,1.0,1.0,1.0
2.0,10.0,0.2,216.0,1080.0,0.2,1.0,4.0,0.25,1,1,1.0,1.0,1.0,1.0,0.0
14.0,12.33,1.14,2160.0,2680.0,0.81,6.0,5.67,1.06,1,3,0.33,1.0,1.0,1.0,0.0
19.0,20.0,0.95,3960.0,6804.0,0.58,9.0,9.0,1.0,1,1,1.0,1.0,1.0,1.0,1.0
18.0,14.5,1.24,3240.0,2835.0,1.14,8.0,6.5,1.23,1,4,0.25,1.0,1.0,1.0,0.0
12.0,9.86,1.22,2410.4,1734.57,1.39,5.6,4.57,1.23,5,7,0.71,2.0700000000000003,1.92,1.08,0.0
15.0,14.0,1.07,2744.0,2268.0,1.21,7.0,6.0,1.17,1,1,1.0,1.0,1.0,1.0,1.0
11.5,18.0,0.64,1664.0,3816.0,0.44,1.0,1.0,1.0,4,2,2.0,1.88,1.92,0.98,1.0
6.8,6.75,1.01,1107.0,2147.5,0.52,3.2,3.25,0.98,5,4,1.25,1.92,1.0,1.92,0.0
20.0,19.0,1.05,6048.0,4320.0,1.4,9.0,9.0,1.0,1,1,1.0,1.0,1.78,0.56,1.0
14.0,13.0,1.08,2160.0,1792.0,1.21,6.0,6.0,1.0,1,1,1.0,1.0,1.0,1.0,1.0
12.0,5.0,2.4,1512.0,448.0,3.38,1.0,3.0,0.33,1,1,1.0,1.0,1.0,1.0,1.0
12.0,12.0,1.0,1620.0,2016.0,0.8,5.0,5.0,1.0,1,1,1.0,1.0,1.0,1.0,0.0
13.0,14.0,0.93,2400.0,3319.12,0.72,6.0,6.25,0.96,1,8,0.12,1.8399999999999999,1.0,1.84,0.0
5.5,12.25,0.45,648.0,2386.0,0.27,2.5,5.5,0.45,2,4,0.5,1.0,1.8199999999999998,0.55,0.0
1.0,10.5,0.1,192.0,1240.0,0.15,1.0,5.0,0.2,1,2,0.5,1.0,1.0,1.0,0.0
13.0,4.0,3.25,2016.0,394.0,5.12,1.0,2.5,0.4,1,2,0.5,1.0,1.0,1.0,1.0
14.0,5.0,2.8,2000.0,378.0,5.29,1.0,3.0,0.33,1,1,1.0,1.0,1.0,1.0,1.0
6.0,15.0,0.4,504.0,3104.0,0.16,1.0,6.67,0.15,1,3,0.33,1.0,1.9,0.53,0.0
14.0,11.5,1.22,4340.0,1960.0,2.21,6.5,1.0,6.5,2,2,1.0,1.0,1.0,1.0,1.0
7.0,15.0,0.47,750.0,2400.0,0.31,4.0,7.0,0.57,1,1,1.0,1.0,1.0,1.0,0.0
12.0,15.0,0.8,2361.88,2845.0,0.83,5.5,6.67,0.82,8,3,2.67,1.92,1.87,1.03,1.0
8.0,10.0,0.8,1377.6,2684.0,0.51,4.0,4.67,0.86,5,3,1.67,1.0,1.8900000000000001,0.53,1.0
3.0,9.0,0.33,300.0,1440.0,0.21,2.0,4.0,0.5,1,1,1.0,1.0,1.0,1.0,0.0
19.0,11.4,1.67,4374.0,2191.2,2.0,9.0,1.0,9.0,1,5,0.2,1.0,2.19,0.46,0.0
9.0,13.0,0.69,810.0,2016.0,0.4,4.0,1.0,4.0,1,1,1.0,1.0,1.0,1.0,0.0
18.0,9.6,1.88,3888.0,1098.0,3.54,1.0,4.6,0.22,1,5,0.2,1.0,2.19,0.46,0.0
3.0,15.0,0.2,252.0,1920.0,0.13,2.0,1.0,2.0,1,1,1.0,1.0,1.0,1.0,0.0
17.0,12.43,1.37,3528.0,1898.57,1.86,1.0,1.0,1.0,1,7,0.14,1.0,2.06,0.49,0.0
8.0,10.29,0.78,1200.0,1706.43,0.7,4.0,4.71,0.85,1,7,0.14,1.0,1.88,0.53,0.0
8.0,1.0,8.0,875.0,180.0,4.86,1.0,1.0,1.0,1,1,1.0,1.8900000000000001,1.92,0.98,1.0
6.0,6.0,1.0,504.0,1000.0,0.5,3.0,3.0,1.0,1,1,1.0,1.0,1.0,1.0,1.0
4.0,17.0,0.24,400.0,3150.0,0.13,2.0,8.0,0.25,1,1,1.0,1.87,1.0,1.87,0.0
1.0,14.0,0.07,192.0,2670.0,0.07,1.0,6.5,0.15,1,4,0.25,1.0,1.8199999999999998,0.55,0.0
12.5,6.0,2.08,2496.0,540.0,4.62,6.0,3.0,2.0,2,1,2.0,1.0,1.0,1.0,1.0
10.33,8.4,1.23,1415.0,1572.8,0.9,1.0,4.2,0.24,6,5,1.2,1.0,1.9,0.53,0.0
11.0,19.0,0.58,1400.0,4704.0,0.3,1.0,9.0,0.11,1,1,1.0,1.0,1.0,1.0,0.0
4.0,13.0,0.31,375.0,2588.0,0.14,2.5,5.67,0.44,2,3,0.67,1.0,1.0,1.0,0.0
5.0,20.0,0.25,324.0,6480.0,0.05,3.0,9.0,0.33,1,1,1.0,1.0,1.0,1.0,0.0
18.0,11.83,1.52,3920.0,2946.67,1.33,1.0,5.5,0.18,1,6,0.17,1.0,1.8199999999999998,0.55,0.0
11.0,11.0,1.0,1680.0,1780.67,0.94,5.0,5.33,0.94,1,3,0.33,1.0,1.0,1.0,0.0
17.0,19.0,0.89,2750.0,3850.0,0.71,8.0,9.0,0.89,1,1,1.0,1.0,1.0,1.0,0.0
16.0,10.0,1.6,2880.0,1225.0,2.35,7.0,4.0,1.75,1,1,1.0,1.78,1.0,1.78,1.0
10.5,8.0,1.31,1218.0,1413.0,0.86,5.0,4.0,1.25,2,2,1.0,1.0,1.0,1.0,1.0
9.0,10.75,0.84,810.0,1489.0,0.54,4.0,1.0,4.0,1,4,0.25,1.0,1.8900000000000001,0.53,0.0
1.0,1.0,1.0,180.0,180.0,1.0,1.0,1.0,1.0,1,1,1.0,1.0,1.0,1.0,1.0
17.0,6.29,2.7,3456.0,853.43,4.05,1.0,3.14,0.32,1,7,0.14,1.0,1.9,0.53,0.0
17.0,11.86,1.43,4032.0,2834.0,1.42,8.0,5.29,1.51,1,7,0.14,1.0,1.0,1.0,0.0
3.0,20.0,0.15,320.0,3584.0,0.09,2.0,1.0,2.0,1,1,1.0,1.92,1.0,1.92,0.0
18.0,15.0,1.2,3840.0,3240.0,1.19,8.0,7.0,1.14,1,1,1.0,1.0,1.0,1.0,1.0
17.0,12.0,1.42,5400.0,1500.0,3.6,8.0,1.0,8.0,1,1,1.0,1.92,1.0,1.92,1.0
11.0,8.0,1.38,1050.0,800.0,1.31,5.0,4.0,1.25,1,1,1.0,1.0,1.0,1.0,1.0
11.0,8.0,1.38,1728.0,1250.29,1.38,5.0,4.0,1.25,1,7,0.14,1.0,1.0,1.0,0.0
2.0,9.75,0.21,240.0,1854.75,0.13,1.0,4.75,0.21,1,8,0.12,1.0,2.1,0.48,0.0
2.0,12.0,0.17,240.0,2016.0,0.12,1.0,5.0,0.2,1,1,1.0,1.0,1.76,0.57,0.0
9.67,11.29,0.86,1788.0,1755.86,1.02,4.33,1.0,4.33,3,7,0.43,1.0,1.8900000000000001,0.53,0.0
17.0,11.43,1.49,4320.0,1881.43,2.3,8.0,5.14,1.56,1,7,0.14,1.0,1.0,1.0,0.0
5.0,16.0,0.31,540.0,2700.0,0.2,3.0,7.0,0.43,1,1,1.0,1.0,1.0,1.0,0.0
3.0,9.0,0.33,288.0,1150.5,0.25,2.0,1.0,2.0,1,6,0.17,1.92,1.0,1.92,0.0
17.0,11.0,1.55,5760.0,1512.0,3.81,8.0,5.0,1.6,1,1,1.0,1.0,1.0,1.0,1.0
10.0,16.0,0.62,1200.0,3000.0,0.4,1.0,7.0,0.14,1,1,1.0,1.0,1.0,1.0,0.0
17.0,7.88,2.16,3456.0,1131.0,3.06,8.0,3.75,2.13,1,8,0.12,1.0,1.9,0.53,0.0
9.0,1.0,9.0,980.0,180.0,5.44,1.0,1.0,1.0,1,1,1.0,1.0,1.0,1.0,1.0
9.0,10.5,0.86,896.0,1927.25,0.46,4.0,5.12,0.78,1,8,0.12,1.0,1.8399999999999999,0.54,0.0
12.12,14.4,0.84,2521.25,3761.6,0.67,5.62,6.6,0.85,8,5,1.6,1.87,1.0,1.87,1.0
9.0,14.0,0.64,1050.0,3136.0,0.33,4.0,6.0,0.67,1,1,1.0,1.0,1.0,1.0,1.0
15.0,10.75,1.4,2592.0,1789.62,1.45,7.0,5.0,1.4,1,8,0.12,1.0,1.0,1.0,0.0
7.0,5.0,1.4,864.0,480.0,1.8,4.0,3.0,1.33,1,1,1.0,1.0,1.0,1.0,0.0
19.0,18.0,1.06,4320.0,3780.0,1.14,1.0,8.0,0.12,1,1,1.0,1.0,1.0,1.0,0.0
8.0,11.33,0.71,840.0,2465.33,0.34,4.0,5.33,0.75,1,6,0.17,1.0,1.0,1.0,0.0
12.0,15.0,0.8,2592.0,3140.67,0.83,5.0,1.0,5.0,1,3,0.33,1.0,1.92,0.52,0.0
2.0,18.0,0.11,240.0,3600.0,0.07,1.0,1.0,1.0,1,1,1.0,1.0,1.0,1.0,0.0
2.0,10.6,0.19,216.0,1898.0,0.11,1.0,4.8,0.21,1,5,0.2,1.0,1.92,0.52,0.0
5.0,11.33,0.44,450.0,1956.0,0.23,3.0,5.33,0.56,1,3,0.33,1.0,1.0,1.0,0.0
9.0,13.0,0.69,900.0,1960.0,0.46,1.0,6.0,0.17,1,1,1.0,1.0,1.0,1.0,0.0
16.0,9.5,1.68,3024.0,1840.0,1.64,7.0,4.5,1.56,1,2,0.5,1.0,1.0,1.0,1.0
14.0,8.0,1.75,1848.0,875.0,2.11,6.0,4.0,1.5,1,1,1.0,1.0,1.0,1.0,1.0
13.0,16.0,0.81,1944.0,3780.0,0.51,6.0,7.0,0.86,1,1,1.0,1.0,1.0,1.0,1.0
13.0,8.5,1.53,1890.0,1728.0,1.09,6.0,4.0,1.5,1,2,0.5,1.0,1.0,1.0,0.0
16.0,4.0,4.0,1920.0,360.0,5.33,1.0,2.0,0.5,1,1,1.0,1.92,1.0,1.92,1.0
3.25,14.0,0.23,363.0,2800.0,0.13,1.0,6.0,0.17,4,1,4.0,1.0,1.0,1.0,0.0
11.0,7.0,1.57,1344.0,1095.0,1.23,1.0,3.25,0.31,1,4,0.25,1.0,1.0,1.0,0.0
4.0,11.25,0.36,360.0,1940.25,0.19,2.0,5.25,0.38,2,4,0.5,1.0,2.1799999999999997,0.46,0.0
3.0,17.0,0.18,270.0,3150.0,0.09,2.0,1.0,2.0,1,1,1.0,1.0,1.0,1.0,0.0
18.0,12.0,1.5,3696.0,2160.0,1.71,8.0,5.0,1.6,1,1,1.0,1.0,1.0,1.0,1.0
3.0,11.0,0.27,320.0,1400.0,0.23,2.0,5.0,0.4,1,1,1.0,1.0,1.0,1.0,0.0
13.17,5.12,2.57,2718.0,1159.5,2.34,1.0,2.75,0.36,6,8,0.75,1.0,1.76,0.57,1.0
10.0,13.5,0.74,1152.0,2520.0,0.46,1.0,6.0,0.17,1,2,0.5,1.8900000000000001,1.0,1.89,0.0
10.83,11.8,0.92,2618.0,2496.0,1.05,5.0,5.4,0.93,6,5,1.2,1.0,1.0,1.0,0.0
10.5,8.43,1.25,1710.17,1400.57,1.22,5.0,3.86,1.3,6,7,0.86,1.0,1.8399999999999999,0.54,1.0
7.0,11.0,0.64,720.0,1296.0,0.56,4.0,5.0,0.8,1,1,1.0,1.0,1.0,1.0,0.0
15.0,17.0,0.88,2400.0,3234.0,0.74,1.0,8.0,0.12,1,1,1.0,1.0,1.0,1.0,0.0
20.0,2.0,10.0,4900.0,225.0,21.78,9.0,1.0,9.0,1,1,1.0,1.0,1.8399999999999999,0.54,1.0
10.14,12.14,0.84,1954.29,1908.14,1.02,5.0,1.0,5.0,7,7,1.0,1.0,1.0,1.0,0.0
7.0,19.0,0.37,900.0,3888.0,0.23,4.0,1.0,4.0,1,1,1.0,1.0,1.0,1.0,0.0
17.0,8.0,2.12,3611.0,1032.0,3.5,7.67,1.0,7.67,3,2,1.5,1.0,1.0,1.0,1.0
8.0,10.38,0.77,1712.25,1510.88,1.13,4.0,4.62,0.87,8,8,1.0,2.2,1.0,2.2,1.0
17.0,11.86,1.43,3584.0,2347.43,1.53,1.0,5.43,0.18,1,7,0.14,1.0,1.8900000000000001,0.53,0.0
7.0,16.0,0.44,540.0,2304.0,0.23,4.0,1.0,4.0,1,1,1.0,1.0,1.0,1.0,0.0
14.0,13.0,1.08,2160.0,1792.0,1.21,6.0,6.0,1.0,1,1,1.0,1.0,1.0,1.0,0.0
18.0,10.0,1.8,3600.0,1350.0,2.67,8.0,4.0,2.0,1,1,1.0,1.0,1.0,1.0,1.0
6.0,12.0,0.5,360.0,1920.0,0.19,1.0,5.0,0.2,1,1,1.0,1.0,1.0,1.0,0.0
11.0,10.0,1.1,1250.0,1225.0,1.02,5.0,4.0,1.25,1,1,1.0,1.0,1.0,1.0,1.0
14.0,12.88,1.09,1680.0,2987.88,0.56,1.0,6.0,0.17,1,8,0.12,1.0,1.8199999999999998,0.55,0.0
4.0,12.5,0.32,390.0,2936.25,0.13,2.5,5.75,0.43,2,4,0.5,1.0,1.94,0.52,0.0
5.75,2.0,2.88,863.0,276.0,3.13,2.88,1.5,1.92,8,2,4.0,1.94,1.8399999999999999,1.05,1.0
10.43,11.5,0.91,1668.71,1668.67,1.0,4.859999999999999,1.0,4.86,7,6,1.17,1.0,1.8199999999999998,0.55,0.0
17.0,19.0,0.89,3402.0,4536.0,0.75,1.0,1.0,1.0,1,1,1.0,1.0,1.0,1.0,0.0
7.0,8.67,0.81,1000.0,1430.0,0.7,4.0,4.33,0.92,1,3,0.33,1.0,1.9,0.53,0.0
2.0,17.0,0.12,240.0,4536.0,0.05,1.0,8.0,0.12,1,1,1.0,1.0,1.0,1.0,0.0
14.0,12.0,1.17,2750.0,1680.0,1.64,6.0,5.0,1.2,1,1,1.0,1.0,1.0,1.0,1.0
19.0,8.0,2.38,2904.0,567.0,5.12,9.0,1.0,9.0,1,1,1.0,1.0,1.92,0.52,0.0
16.0,3.0,5.33,2700.0,288.0,9.38,7.0,2.0,3.5,1,1,1.0,1.0,1.0,1.0,1.0
2.0,1.0,2.0,256.0,192.0,1.33,1.0,1.0,1.0,1,1,1.0,1.0,1.0,1.0,1.0
10.0,11.75,0.85,1225.0,2521.5,0.49,4.0,5.5,0.73,1,4,0.25,1.0,1.0,1.0,0.0
5.0,13.0,0.38,720.0,2058.0,0.35,3.0,1.0,3.0,1,1,1.0,1.0,1.0,1.0,0.0
4.75,14.17,0.34,462.75,2586.67,0.18,2.5,1.0,2.5,4,6,0.67,1.8,1.0,1.8,0.0
13.0,10.62,1.22,3366.0,1994.5,1.69,5.75,4.88,1.18,4,8,0.5,1.0,1.0,1.0,0.0
19.0,15.0,1.27,3960.0,2430.0,1.63,9.0,7.0,1.29,1,1,1.0,1.0,1.0,1.0,1.0
18.0,8.0,2.25,4704.0,840.0,5.6,8.0,4.0,2.0,1,1,1.0,1.0,1.0,1.0,1.0
17.0,3.0,5.67,2400.0,270.0,8.89,8.0,1.0,8.0,1,1,1.0,1.0,1.0,1.0,1.0
14.0,9.0,1.56,3000.0,896.0,3.35,6.0,4.0,1.5,1,1,1.0,1.0,1.0,1.0,1.0
4.0,6.2,0.65,480.0,786.0,0.61,2.0,3.0,0.67,1,5,0.2,1.0,2.17,0.46,0.0
11.0,19.0,0.58,2272.5,5616.0,0.4,5.5,9.0,0.61,2,1,2.0,1.0,1.0,1.0,0.0
12.0,4.5,2.67,1512.0,637.5,2.37,5.0,2.5,2.0,1,2,0.5,1.0,1.0,1.0,1.0
10.5,12.33,0.85,1610.0,2022.67,0.8,4.75,5.67,0.84,4,3,1.33,1.78,1.0,1.78,1.0
6.0,10.83,0.55,540.0,1322.67,0.41,1.0,4.83,0.21,1,6,0.17,1.0,1.0,1.0,0.0
10.75,7.83,1.37,2129.25,1130.0,1.88,5.0,1.0,5.0,4,6,0.67,1.87,1.0,1.87,1.0
13.0,20.0,0.65,1750.0,5400.0,0.32,1.0,9.0,0.11,1,1,1.0,1.0,1.0,1.0,0.0
8.0,19.0,0.42,756.0,3888.0,0.19,4.0,9.0,0.44,1,1,1.0,1.0,1.0,1.0,0.0
5.0,19.0,0.26,640.0,3150.0,0.2,3.0,9.0,0.33,1,1,1.0,1.0,1.0,1.0,0.0
20.0,11.0,1.82,4928.0,1440.0,3.42,9.0,1.0,9.0,1,1,1.0,1.0,1.0,1.0,1.0
2.0,11.71,0.17,240.0,1832.0,0.13,1.0,1.0,1.0,1,7,0.14,1.0,1.92,0.52,0.0
12.0,11.5,1.04,1500.0,2233.5,0.67,1.0,5.5,0.18,1,4,0.25,1.0,1.0,1.0,0.0
19.0,16.0,1.19,4000.0,3780.0,1.06,1.0,7.0,0.14,1,1,1.0,1.0,1.0,1.0,0.0
12.5,7.0,1.79,2250.0,630.0,3.57,5.5,4.0,1.38,2,1,2.0,1.0,1.0,1.0,1.0
5.5,15.5,0.35,537.5,3309.0,0.16,1.0,7.0,0.14,2,4,0.5,1.8399999999999999,1.92,0.96,0.0
6.0,15.0,0.4,600.0,2560.0,0.23,3.0,7.0,0.43,1,1,1.0,1.0,1.0,1.0,0.0
10.0,12.33,0.81,945.0,2374.83,0.4,1.0,5.5,0.18,1,6,0.17,1.0,1.8900000000000001,0.53,0.0
1.0,7.0,0.14,192.0,630.0,0.3,1.0,4.0,0.25,1,1,1.0,1.88,1.0,1.88,0.0
3.0,7.0,0.43,288.0,900.0,0.32,1.0,4.0,0.25,1,1,1.0,1.0,1.78,0.56,0.0
10.0,12.86,0.78,1728.0,2375.57,0.73,4.0,1.0,4.0,1,7,0.14,1.0,1.0,1.0,0.0
8.0,7.14,1.12,1668.0,879.71,1.9,4.0,1.0,4.0,5,7,0.71,1.0,1.0,1.0,0.0
13.0,11.0,1.18,3072.0,2300.0,1.34,6.0,5.12,1.17,1,8,0.12,1.0,1.0,1.0,0.0
2.0,3.0,0.67,240.0,288.0,0.83,1.0,2.0,0.5,1,1,1.0,1.0,1.92,0.52,0.0
1.0,9.0,0.11,180.0,980.0,0.18,1.0,4.0,0.25,1,1,1.0,1.0,1.0,1.0,0.0
7.0,14.0,0.5,768.0,1701.0,0.45,4.0,6.0,0.67,1,1,1.0,1.0,1.0,1.0,0.0
10.0,16.0,0.62,1344.0,2940.0,0.46,4.0,1.0,4.0,1,1,1.0,1.9,1.0,1.9,0.0
6.0,18.0,0.33,560.0,3360.0,0.17,1.0,8.0,0.12,1,1,1.0,1.0,1.0,1.0,0.0
5.0,5.0,1.0,432.0,600.0,0.72,1.0,3.0,0.33,1,1,1.0,1.0,1.0,1.0,1.0
19.0,5.0,3.8,4480.0,600.0,7.47,9.0,3.0,3.0,1,1,1.0,1.0,1.0,1.0,1.0
11.25,6.0,1.88,2022.0,532.5,3.8,5.25,1.0,5.25,4,2,2.0,1.0,1.0,1.0,1.0
6.0,6.0,1.0,600.0,684.0,0.88,3.0,2.5,1.2,1,2,0.5,1.0,1.0,1.0,0.0
19.0,9.83,1.93,4536.0,1924.5,2.36,1.0,4.67,0.21,1,6,0.17,1.0,1.8199999999999998,0.55,0.0
7.0,2.0,3.5,640.0,216.0,2.96,4.0,1.0,4.0,1,1,1.0,1.0,1.0,1.0,1.0
10.0,7.75,1.29,1639.62,1056.0,1.55,4.62,3.5,1.32,8,4,2.0,1.8900000000000001,1.0,1.89,1.0
16.0,7.0,2.29,2800.0,900.0,3.11,7.0,4.0,1.75,1,1,1.0,1.8,1.0,1.8,1.0
5.0,7.0,0.71,750.0,700.0,1.07,3.0,1.0,3.0,1,1,1.0,1.0,1.0,1.0,1.0
8.25,7.8,1.06,1872.0,985.8,1.9,4.0,3.8,1.05,4,5,0.8,1.92,1.9,1.01,0.0
7.43,8.0,0.93,1091.43,1200.0,0.91,3.57,4.0,0.89,7,1,7.0,1.0,1.0,1.0,1.0
10.67,13.0,0.82,2631.0,2686.29,0.98,4.67,6.14,0.76,3,7,0.43,1.8399999999999999,1.9,0.97,0.0
13.0,10.5,1.24,1296.0,2195.67,0.59,1.0,4.83,0.21,1,6,0.17,1.8199999999999998,2.15,0.85,0.0
18.0,8.0,2.25,3840.0,1080.0,3.56,1.0,4.0,0.25,1,1,1.0,1.0,1.0,1.0,1.0
17.0,9.0,1.89,4536.0,1212.0,3.74,8.0,4.25,1.88,1,4,0.25,1.0,1.0,1.0,0.0
9.0,11.0,0.82,1050.0,2048.0,0.51,1.0,5.0,0.2,1,1,1.0,1.0,1.0,1.0,0.0
5.0,8.62,0.58,450.0,1216.75,0.37,3.0,4.0,0.75,1,8,0.12,1.0,1.0,1.0,0.0
17.0,5.0,3.4,4374.0,480.0,9.11,8.0,3.0,2.67,1,1,1.0,1.0,1.76,0.57,1.0
10.86,15.0,0.72,2365.71,2400.0,0.99,5.29,7.0,0.76,7,1,7.0,1.0,1.0,1.0,1.0
12.0,8.0,1.5,1715.0,840.0,2.04,5.0,1.0,5.0,1,1,1.0,1.0,1.0,1.0,1.0
3.0,1.0,3.0,288.0,180.0,1.6,1.0,1.0,1.0,1,1,1.0,1.0,1.0,1.0,1.0
18.0,9.5,1.89,3888.0,1683.0,2.31,1.0,1.0,1.0,1,6,0.17,1.8,1.0,1.8,0.0
14.5,16.75,0.87,2784.0,3858.0,0.72,6.5,7.5,0.87,2,4,0.5,1.8399999999999999,1.0,1.84,0.0
4.0,16.0,0.25,400.0,2475.0,0.16,2.0,1.0,2.0,1,1,1.0,1.0,1.0,1.0,0.0
1.0,19.0,0.05,180.0,4320.0,0.04,1.0,9.0,0.11,1,1,1.0,1.0,1.0,1.0,0.0
20.0,10.0,2.0,6552.0,972.0,6.74,9.0,4.0,2.25,1,1,1.0,1.0,1.0,1.0,1.0
5.0,18.0,0.28,450.0,5040.0,0.09,3.0,8.0,0.38,1,1,1.0,1.0,1.0,1.0,0.0
12.0,20.0,0.6,1728.0,4800.0,0.36,5.0,9.0,0.56,1,1,1.0,1.0,1.0,1.0,0.0
18.0,17.0,1.06,3465.0,2640.0,1.31,8.0,8.0,1.0,1,1,1.0,1.0,1.0,1.0,1.0
18.0,12.29,1.46,5200.0,2119.86,2.45,8.0,5.71,1.4,1,7,0.14,1.0,1.92,0.52,0.0
7.0,3.0,2.33,672.0,360.0,1.87,4.0,2.0,2.0,1,1,1.0,1.0,1.0,1.0,1.0
12.75,11.43,1.12,2186.0,1656.86,1.32,1.0,1.0,1.0,4,7,0.57,1.0,1.0,1.0,0.0
5.0,14.67,0.34,480.0,3335.0,0.14,1.0,6.33,0.16,1,3,0.33,1.0,1.0,1.0,0.0
5.43,12.0,0.45,598.86,2020.67,0.3,2.71,5.33,0.51,7,3,2.33,1.0,1.0,1.0,1.0
6.0,15.0,0.4,525.0,2744.0,0.19,3.0,1.0,3.0,1,1,1.0,1.0,1.0,1.0,0.0
2.0,11.0,0.18,240.0,1296.0,0.19,1.0,5.0,0.2,1,1,1.0,1.78,1.0,1.78,0.0
18.0,12.38,1.45,4032.0,2403.0,1.68,1.0,5.75,0.17,1,8,0.12,1.0,1.0,1.0,0.0
6.0,8.5,0.71,560.0,1342.67,0.42,3.0,3.83,0.78,1,6,0.17,1.0,1.94,0.52,0.0
9.88,11.4,0.87,1773.25,2119.8,0.84,1.0,5.2,0.19,8,5,1.6,1.77,1.78,0.99,1.0
10.14,12.12,0.84,2205.57,2171.5,1.02,4.71,5.75,0.82,7,8,0.88,1.9,1.88,1.01,0.0
7.6,6.83,1.11,1444.8,1018.67,1.42,1.0,1.0,1.0,5,6,0.83,1.0,1.0,1.0,0.0
13.0,8.67,1.5,1470.0,969.33,1.52,1.0,4.33,0.23,1,3,0.33,1.0,1.0,1.0,0.0
14.0,14.0,1.0,3024.0,2268.0,1.33,6.0,1.0,6.0,1,1,1.0,1.0,1.0,1.0,1.0
1.0,16.0,0.06,180.0,2984.0,0.06,1.0,1.0,1.0,1,5,0.2,1.0,1.0,1.0,0.0
16.0,7.5,2.13,2880.0,905.75,3.18,7.0,3.25,2.15,1,4,0.25,1.0,1.0,1.0,0.0
16.0,6.0,2.67,5184.0,432.0,12.0,7.0,3.0,2.33,1,1,1.0,1.0,1.0,1.0,1.0
9.0,11.2,0.8,1296.0,2444.0,0.53,4.0,5.4,0.74,1,5,0.2,1.0,1.0,1.0,0.0
5.0,5.0,1.0,500.0,480.0,1.04,3.0,1.0,3.0,1,1,1.0,1.0,1.0,1.0,1.0
13.0,10.83,1.2,2430.0,1693.33,1.44,6.0,4.83,1.24,1,6,0.17,1.0,1.8199999999999998,0.55,0.0
3.0,17.0,0.18,375.0,3240.0,0.12,2.0,1.0,2.0,1,1,1.0,1.0,1.0,1.0,0.0
20.0,4.0,5.0,6656.0,480.0,13.87,9.0,2.0,4.5,1,1,1.0,1.0,1.0,1.0,1.0
17.0,18.0,0.94,3528.0,3920.0,0.9,8.0,1.0,8.0,1,1,1.0,1.0,1.0,1.0,1.0
15.0,11.0,1.36,2200.0,1134.0,1.94,1.0,5.0,0.2,1,1,1.0,1.0,1.0,1.0,0.0
11.83,11.8,1.0,1698.0,2281.4,0.74,5.5,5.6,0.98,6,5,1.2,1.8,1.78,1.01,0.0
4.0,1.0,4.0,336.0,162.0,2.07,2.0,1.0,2.0,1,1,1.0,1.0,1.0,1.0,1.0
9.0,20.0,0.45,1080.0,3456.0,0.31,4.0,9.0,0.44,1,1,1.0,1.0,1.0,1.0,1.0
11.0,16.0,0.69,1750.0,2520.0,0.69,5.0,1.0,5.0,1,1,1.0,1.0,1.78,0.56,0.0
5.0,13.5,0.37,432.0,3030.0,0.14,1.0,6.25,0.16,1,4,0.25,1.0,1.0,1.0,0.0
13.0,11.0,1.18,2400.0,1176.0,2.04,6.0,5.0,1.2,1,1,1.0,1.97,1.0,1.97,1.0
9.0,14.0,0.64,750.0,2268.0,0.33,1.0,6.0,0.17,1,1,1.0,1.0,1.92,0.52,0.0
19.0,15.0,1.27,3600.0,2520.0,1.43,1.0,7.0,0.14,1,1,1.0,1.0,1.0,1.0,0.0
12.75,9.33,1.37,2322.0,2444.0,0.95,1.0,4.67,0.21,4,3,1.33,2.27,1.0,2.27,1.0
12.0,15.0,0.8,2646.0,3468.0,0.76,5.0,7.0,0.71,1,2,0.5,1.0,1.0,1.0,0.0
12.0,13.0,0.92,2764.5,2150.0,1.29,5.75,1.0,5.75,4,2,2.0,1.8399999999999999,1.0,1.84,1.0
12.0,17.0,0.71,1680.0,3528.0,0.48,1.0,8.0,0.12,1,1,1.0,1.0,1.0,1.0,0.0
1.0,3.0,0.33,180.0,300.0,0.6,1.0,2.0,0.5,1,1,1.0,1.0,1.0,1.0,0.0
20.0,10.0,2.0,5390.0,1080.0,4.99,9.0,1.0,9.0,1,1,1.0,1.0,1.0,1.0,1.0
20.0,13.4,1.49,4620.0,3232.8,1.43,9.0,6.4,1.41,1,5,0.2,1.0,1.0,1.0,0.0
14.0,12.14,1.15,2453.5,2042.57,1.2,6.0,5.43,1.1,2,7,0.29,1.8399999999999999,1.78,1.03,0.0
5.0,3.0,1.67,480.0,300.0,1.6,1.0,2.0,0.5,1,1,1.0,1.0,1.0,1.0,0.0
6.0,8.0,0.75,640.0,735.0,0.87,3.0,4.0,0.75,1,1,1.0,1.0,1.0,1.0,0.0
4.0,10.86,0.37,400.0,1934.57,0.21,2.0,4.859999999999999,0.41,1,7,0.14,1.8,1.92,0.94,0.0
8.67,13.0,0.67,1985.67,2400.0,0.83,4.33,6.0,0.72,3,1,3.0,1.0,1.0,1.0,1.0
16.0,13.0,1.23,4032.0,2520.0,1.6,7.0,6.0,1.17,1,1,1.0,1.0,1.0,1.0,1.0
9.0,16.0,0.56,960.0,3136.0,0.31,1.0,7.0,0.14,1,1,1.0,1.0,1.0,1.0,0.0
4.0,8.0,0.5,452.0,1098.6,0.41,1.0,1.0,1.0,3,5,0.6,1.0,2.09,0.48,0.0
9.8,9.12,1.07,1634.0,1615.5,1.01,4.6,4.12,1.12,5,8,0.62,1.0,1.92,0.52,0.0
2.0,12.0,0.17,240.0,1680.0,0.14,1.0,5.0,0.2,1,1,1.0,1.0,1.0,1.0,0.0
2.0,2.0,1.0,240.0,240.0,1.0,1.0,1.0,1.0,1,1,1.0,1.0,1.8399999999999999,0.54,0.0
7.0,19.0,0.37,588.0,4374.0,0.13,4.0,1.0,4.0,1,1,1.0,1.0,1.0,1.0,0.0
14.2,5.12,2.77,2566.4,631.0,4.07,6.6,2.62,2.52,5,8,0.62,1.8399999999999999,1.0,1.84,1.0
4.0,9.4,0.43,384.0,1688.4,0.23,2.0,4.8,0.42,1,5,0.2,1.0,1.76,0.57,0.0
5.0,11.0,0.45,500.0,1400.0,0.36,3.0,5.0,0.6,1,1,1.0,1.0,1.0,1.0,0.0
7.43,15.0,0.5,1019.57,2703.5,0.38,1.0,7.0,0.14,7,4,1.75,1.0,1.0,1.0,0.0
12.0,10.17,1.18,1908.0,1771.0,1.08,1.0,4.83,0.21,6,6,1.0,1.0,1.0,1.0,0.0
3.0,3.0,1.0,300.0,300.0,1.0,1.0,2.0,0.5,1,1,1.0,1.0,1.0,1.0,0.0
2.0,13.0,0.15,240.0,2520.0,0.1,1.0,6.0,0.17,1,1,1.0,1.0,1.0,1.0,0.0
17.0,5.0,3.4,3402.0,450.0,7.56,1.0,1.0,1.0,1,1,1.0,1.0,1.0,1.0,1.0
17.0,3.0,5.67,3168.0,300.0,10.56,8.0,1.0,8.0,1,1,1.0,1.0,1.92,0.52,1.0
10.0,10.0,1.0,1260.0,1440.0,0.88,4.0,4.0,1.0,1,1,1.0,1.0,1.0,1.0,1.0
3.0,11.0,0.27,288.0,1932.25,0.15,2.0,5.12,0.39,1,8,0.12,1.0,1.8199999999999998,0.55,0.0
13.0,3.0,4.33,2646.0,360.0,7.35,6.0,2.0,3.0,1,1,1.0,1.0,1.9,0.53,1.0
8.5,9.71,0.88,1272.0,1671.43,0.76,3.83,4.43,0.86,6,7,0.86,1.8,1.8900000000000001,0.95,0.0
7.0,11.25,0.62,700.0,2011.25,0.35,4.0,5.5,0.73,1,4,0.25,1.0,1.0,1.0,0.0
16.0,2.0,8.0,2880.0,225.0,12.8,1.0,1.0,1.0,1,1,1.0,1.0,1.0,1.0,1.0
10.0,1.0,10.0,1260.0,162.0,7.78,1.0,1.0,1.0,1,1,1.0,1.0,1.76,0.57,1.0
13.0,6.0,2.17,2646.0,512.0,5.17,6.0,3.0,2.0,1,1,1.0,1.8199999999999998,1.0,1.82,1.0
16.0,4.0,4.0,2880.0,384.0,7.5,1.0,2.0,0.5,1,1,1.0,1.0,1.0,1.0,1.0
17.0,3.0,5.67,3360.0,288.0,11.67,8.0,2.0,4.0,1,1,1.0,1.0,1.0,1.0,1.0
20.0,3.0,6.67,4235.0,320.0,13.23,9.0,1.0,9.0,1,1,1.0,1.0,1.0,1.0,1.0
1.0,8.0,0.12,192.0,1036.8,0.19,1.0,4.0,0.25,1,5,0.2,1.0,1.92,0.52,0.0
3.0,10.57,0.28,288.0,1993.71,0.14,2.0,4.859999999999999,0.41,1,7,0.14,1.88,2.12,0.89,0.0
3.0,17.0,0.18,300.0,4536.0,0.07,2.0,8.0,0.25,1,1,1.0,1.0,1.0,1.0,0.0
10.17,12.0,0.85,1621.0,1880.67,0.86,4.83,5.33,0.91,6,3,2.0,1.0,1.8399999999999999,0.54,1.0
15.0,14.0,1.07,3360.0,2592.0,1.3,7.0,6.0,1.17,1,1,1.0,1.8900000000000001,1.0,1.89,0.0
12.0,16.0,0.75,1512.0,3600.0,0.42,5.0,7.0,0.71,1,1,1.0,1.92,1.0,1.92,1.0
10.0,14.67,0.68,1225.0,2936.5,0.42,4.0,6.83,0.59,1,6,0.17,1.0,1.0,1.0,0.0
8.0,16.0,0.5,864.0,2800.0,0.31,1.0,7.0,0.14,1,1,1.0,1.0,1.0,1.0,0.0
3.0,16.0,0.19,300.0,2800.0,0.11,1.0,1.0,1.0,1,1,1.0,1.0,1.0,1.0,0.0
10.25,9.75,1.05,2217.75,1449.0,1.53,4.75,4.5,1.06,4,4,1.0,1.0,1.0,1.0,1.0
14.0,12.0,1.17,2160.0,2352.0,0.92,6.0,5.0,1.2,1,1,1.0,1.0,1.0,1.0,1.0
10.43,11.0,0.95,1660.14,2008.67,0.83,1.0,5.0,0.2,7,6,1.17,1.8199999999999998,1.0,1.82,0.0
10.0,15.0,0.67,1260.0,3584.0,0.35,4.0,7.0,0.57,1,1,1.0,1.0,1.0,1.0,0.0
3.0,10.0,0.3,288.0,1728.0,0.17,2.0,4.0,0.5,1,1,1.0,1.0,1.97,0.51,0.0
11.14,10.71,1.04,2116.71,1851.86,1.14,5.29,5.0,1.06,7,7,1.0,1.94,1.0,1.94,1.0
2.0,15.0,0.13,240.0,3240.0,0.07,1.0,7.0,0.14,1,1,1.0,1.77,1.0,1.77,0.0
19.0,4.0,4.75,4608.0,360.0,12.8,9.0,2.0,4.5,1,1,1.0,1.0,1.0,1.0,1.0
14.0,10.57,1.32,2016.0,2154.43,0.94,6.0,4.71,1.27,1,7,0.14,1.0,1.0,1.0,0.0
2.0,15.17,0.13,240.0,3054.0,0.08,1.0,6.83,0.15,1,6,0.17,1.0,1.0,1.0,0.0
7.0,3.0,2.33,864.0,288.0,3.0,4.0,2.0,2.0,1,1,1.0,1.8199999999999998,1.0,1.82,1.0
9.0,19.0,0.47,1200.0,4320.0,0.28,4.0,1.0,4.0,1,1,1.0,1.0,1.0,1.0,1.0
20.0,8.0,2.5,5460.0,864.0,6.32,9.0,1.0,9.0,1,1,1.0,1.8399999999999999,1.8399999999999999,1.0,1.0
12.17,13.0,0.94,1970.0,2610.0,0.75,5.67,1.0,5.67,6,4,1.5,1.0,1.0,1.0,1.0
10.0,11.25,0.89,1120.0,2279.38,0.49,4.0,5.25,0.76,1,8,0.12,1.0,2.1,0.48,0.0
8.0,3.0,2.67,1120.0,320.0,3.5,4.0,2.0,2.0,1,1,1.0,1.0,1.0,1.0,1.0
8.0,9.0,0.89,1198.29,1400.0,0.86,3.86,4.0,0.96,7,1,7.0,1.88,1.0,1.88,1.0
13.0,16.0,0.81,1890.0,2200.0,0.86,6.0,1.0,6.0,1,1,1.0,1.0,1.0,1.0,0.0
6.67,8.67,0.77,633.33,1392.0,0.45,3.33,4.0,0.83,3,6,0.5,1.0,1.77,0.56,0.0
9.0,7.0,1.29,1350.0,700.0,1.93,4.0,4.0,1.0,1,1,1.0,1.0,1.0,1.0,1.0
11.0,8.33,1.32,1344.0,1001.33,1.34,5.0,1.0,5.0,1,3,0.33,1.0,1.0,1.0,0.0
7.0,3.0,2.33,875.0,320.0,2.73,4.0,2.0,2.0,1,1,1.0,1.0,1.0,1.0,1.0
11.2,11.0,1.02,2050.0,1728.0,1.19,5.2,5.0,1.04,5,1,5.0,1.0,1.0,1.0,1.0
11.0,7.43,1.48,1400.0,1060.14,1.32,1.0,3.43,0.29,1,7,0.14,1.0,1.8900000000000001,0.53,0.0
19.0,12.0,1.58,5616.0,2205.0,2.55,9.0,5.0,1.8,1,1,1.0,1.0,1.0,1.0,1.0
1.0,7.5,0.13,180.0,1080.0,0.17,1.0,1.0,1.0,1,2,0.5,1.0,1.0,1.0,0.0
6.17,11.0,0.56,1002.67,1746.0,0.57,1.0,1.0,1.0,6,2,3.0,1.0,1.0,1.0,1.0
12.0,7.33,1.64,2205.0,1199.33,1.84,5.0,3.5,1.43,1,6,0.17,1.0,1.76,0.57,0.0
10.0,16.0,0.62,2776.5,3978.0,0.7,4.75,7.0,0.68,4,2,2.0,1.0,1.0,1.0,1.0
8.0,13.0,0.62,756.0,2058.0,0.37,4.0,6.0,0.67,1,1,1.0,1.0,1.0,1.0,0.0
6.0,14.25,0.42,625.0,2793.0,0.22,3.0,6.75,0.44,1,4,0.25,1.8900000000000001,1.92,0.98,0.0
19.0,16.0,1.19,4480.0,3024.0,1.48,9.0,7.0,1.29,1,1,1.0,1.0,1.0,1.0,0.0
11.2,6.75,1.66,2118.2,1068.5,1.98,1.0,3.5,0.29,5,4,1.25,1.0,1.0,1.0,1.0
12.0,5.0,2.4,1400.0,500.0,2.8,5.0,1.0,5.0,1,1,1.0,1.0,1.0,1.0,1.0
8.86,8.33,1.06,2178.57,1277.33,1.71,4.29,3.83,1.12,7,6,1.17,1.0,1.94,0.52,1.0
19.0,10.5,1.81,4320.0,1436.5,3.01,1.0,1.0,1.0,1,8,0.12,1.0,1.0,1.0,0.0
7.4,9.0,0.82,954.8,1442.67,0.66,3.4,4.5,0.76,5,6,0.83,1.76,1.0,1.76,0.0
5.0,11.0,0.45,720.0,2190.0,0.33,3.0,1.0,3.0,1,3,0.33,1.0,1.0,1.0,0.0
10.0,15.6,0.64,1176.0,2960.4,0.4,4.0,7.0,0.57,1,5,0.2,1.0,1.0,1.0,0.0
1.0,20.0,0.05,180.0,5040.0,0.04,1.0,9.0,0.11,1,1,1.0,1.0,1.0,1.0,0.0
3.0,8.0,0.38,288.0,800.0,0.36,2.0,1.0,2.0,1,1,1.0,1.0,1.0,1.0,0.0
10.86,6.0,1.81,1882.29,700.0,2.69,5.29,3.0,1.76,7,2,3.5,1.0,1.0,1.0,1.0
11.0,9.5,1.16,1680.0,1703.75,0.99,5.0,4.75,1.05,1,4,0.25,1.0,1.8,0.56,0.0
18.0,15.0,1.2,4032.0,3528.0,1.14,8.0,7.0,1.14,1,1,1.0,1.0,1.0,1.0,1.0
2.0,14.0,0.14,240.0,2880.0,0.08,1.0,6.0,0.17,1,1,1.0,1.0,1.0,1.0,0.0
12.0,8.0,1.5,2688.0,1008.0,2.67,5.0,4.0,1.25,1,1,1.0,1.0,1.0,1.0,1.0
4.0,13.5,0.3,384.0,2748.5,0.14,2.0,6.25,0.32,1,4,0.25,1.0,1.0,1.0,0.0
8.0,8.0,1.0,720.0,1008.0,0.71,4.0,4.0,1.0,1,1,1.0,1.0,1.8399999999999999,0.54,0.0
4.25,11.0,0.39,432.25,1680.0,0.26,2.25,5.0,0.45,4,2,2.0,1.0,1.0,1.0,0.0
1.0,20.0,0.05,180.0,3888.0,0.05,1.0,9.0,0.11,1,1,1.0,1.0,1.0,1.0,0.0
9.0,9.0,1.0,1350.0,1327.5,1.02,4.0,4.5,0.89,1,4,0.25,1.0,1.88,0.53,0.0
4.0,9.0,0.44,360.0,1044.0,0.34,1.0,4.5,0.22,1,2,0.5,1.0,1.0,1.0,0.0
17.0,19.0,0.89,3430.0,4224.0,0.81,1.0,9.0,0.11,1,1,1.0,1.0,1.0,1.0,0.0
17.0,13.5,1.26,3360.0,2376.0,1.41,8.0,1.0,8.0,1,2,0.5,1.0,1.0,1.0,0.0
16.0,15.0,1.07,3136.0,2669.6,1.17,1.0,6.8,0.15,1,5,0.2,1.0,1.0,1.0,0.0
10.0,17.0,0.59,1225.0,3402.0,0.36,1.0,8.0,0.12,1,1,1.0,1.0,1.0,1.0,0.0
3.0,4.0,0.75,288.0,384.0,0.75,2.0,2.0,1.0,1,1,1.0,1.0,1.0,1.0,0.0
7.0,11.0,0.64,588.0,1800.0,0.33,4.0,5.0,0.8,1,1,1.0,1.0,1.0,1.0,0.0
9.0,14.0,0.64,1632.0,2592.0,0.63,4.0,6.0,0.67,2,1,2.0,1.0,1.0,1.0,1.0
13.0,6.0,2.17,3200.0,546.0,5.86,6.0,3.5,1.71,1,2,0.5,1.0,1.0,1.0,1.0
8.8,9.0,0.98,1624.8,1000.0,1.62,4.2,1.0,4.2,5,1,5.0,1.0,1.0,1.0,1.0
15.0,20.0,0.75,2450.0,4620.0,0.53,7.0,9.0,0.78,1,1,1.0,1.0,1.0,1.0,0.0
17.0,5.0,3.4,4800.0,420.0,11.43,8.0,1.0,8.0,1,1,1.0,1.0,1.0,1.0,1.0
5.5,7.0,0.79,468.0,720.0,0.65,1.0,4.0,0.25,2,1,2.0,1.0,1.0,1.0,1.0
11.86,15.5,0.77,2261.86,3906.0,0.58,5.43,7.0,0.78,7,2,3.5,1.87,1.97,0.95,1.0
7.0,6.33,1.11,720.0,718.5,1.0,1.0,1.0,1.0,1,6,0.17,1.0,1.88,0.53,0.0
17.0,4.0,4.25,2880.0,384.0,7.5,1.0,2.0,0.5,1,1,1.0,1.0,1.0,1.0,1.0
17.0,10.0,1.7,3528.0,1785.0,1.98,8.0,4.83,1.66,1,6,0.17,1.0,1.0,1.0,0.0
14.0,12.0,1.17,2025.0,2052.0,0.99,6.0,5.33,1.13,1,3,0.33,1.0,1.0,1.0,0.0
19.0,4.0,4.75,3564.0,384.0,9.28,1.0,2.0,0.5,1,1,1.0,1.0,1.76,0.57,1.0
2.0,6.0,0.33,240.0,600.0,0.4,1.0,3.0,0.33,1,1,1.0,1.0,1.0,1.0,0.0
9.0,11.0,0.82,1008.0,2430.0,0.41,4.0,5.0,0.8,1,1,1.0,1.0,1.0,1.0,1.0
17.0,8.0,2.12,4536.0,1215.14,3.73,8.0,4.0,2.0,1,7,0.14,1.0,1.0,1.0,0.0
8.0,4.0,2.0,784.0,400.0,1.96,4.0,2.0,2.0,1,1,1.0,1.0,1.0,1.0,1.0
9.0,10.57,0.85,1658.67,1637.43,1.01,4.33,1.0,4.33,3,7,0.43,1.0,1.78,0.56,0.0
17.0,18.0,0.94,2970.0,4368.0,0.68,8.0,8.0,1.0,1,1,1.0,1.0,1.0,1.0,0.0
4.0,3.0,1.33,360.0,288.0,1.25,1.0,1.0,1.0,1,1,1.0,1.0,1.0,1.0,1.0
8.0,13.33,0.6,720.0,2246.67,0.32,4.0,6.0,0.67,1,3,0.33,1.0,1.0,1.0,0.0
15.0,15.0,1.0,2646.0,2400.0,1.1,7.0,7.0,1.0,1,1,1.0,1.0,1.0,1.0,1.0
14.14,10.6,1.33,3152.29,2056.0,1.53,6.57,5.2,1.26,7,5,1.4,1.8900000000000001,1.0,1.89,1.0
17.0,9.5,1.79,3200.0,2004.0,1.6,8.0,4.5,1.78,1,8,0.12,1.92,1.8,1.07,0.0
9.0,12.0,0.75,960.0,1575.0,0.61,4.0,1.0,4.0,1,1,1.0,1.87,1.0,1.87,0.0
7.0,4.75,1.47,900.0,564.0,1.6,4.0,2.5,1.6,1,4,0.25,1.8,1.0,1.8,0.0
12.25,11.2,1.09,3124.0,2030.0,1.54,5.75,1.0,5.75,4,5,0.8,1.0,1.0,1.0,1.0
16.0,18.0,0.89,3024.0,3168.0,0.95,1.0,8.0,0.12,1,1,1.0,1.92,1.0,1.92,0.0
10.75,12.0,0.9,1645.5,2005.5,0.82,1.0,5.62,0.18,4,8,0.5,1.92,1.78,1.08,0.0
8.0,13.0,0.62,864.0,2016.0,0.43,4.0,1.0,4.0,1,1,1.0,1.0,1.0,1.0,0.0
11.2,9.0,1.24,2281.6,1273.0,1.79,5.2,4.25,1.22,5,4,1.25,1.0,1.0,1.0,1.0
11.0,9.0,1.22,2268.0,1050.0,2.16,5.0,4.0,1.25,1,1,1.0,1.0,1.0,1.0,1.0
8.0,12.0,0.67,1008.0,2100.0,0.48,4.0,5.0,0.8,1,1,1.0,1.0,1.0,1.0,1.0
17.0,12.0,1.42,2880.0,1764.0,1.63,8.0,1.0,8.0,1,1,1.0,1.76,1.88,0.94,1.0
10.0,3.0,3.33,1080.0,270.0,4.0,1.0,2.0,0.5,1,1,1.0,1.0,1.0,1.0,1.0
8.0,15.0,0.53,875.0,2598.0,0.34,1.0,6.6,0.15,1,5,0.2,1.0,1.8900000000000001,0.53,0.0
4.0,17.0,0.24,360.0,4410.0,0.08,2.0,8.0,0.25,1,1,1.0,1.0,1.0,1.0,0.0
5.0,11.67,0.43,480.0,2077.33,0.23,3.0,5.33,0.56,1,3,0.33,1.0,1.0,1.0,0.0
8.17,9.86,0.83,1392.67,1293.57,1.08,3.83,1.0,3.83,6,7,0.86,1.0,1.8900000000000001,0.53,0.0
10.67,9.67,1.1,1812.67,1098.0,1.65,5.0,1.0,5.0,3,3,1.0,1.0,1.88,0.53,1.0
7.0,16.4,0.43,720.0,3565.2,0.2,4.0,7.4,0.54,1,5,0.2,1.78,1.0,1.78,0.0
6.0,12.0,0.5,560.0,2352.0,0.24,3.0,5.0,0.6,1,1,1.0,1.0,1.9,0.53,0.0
3.0,8.0,0.38,288.0,1125.0,0.26,2.0,4.0,0.5,1,1,1.0,1.0,1.0,1.0,0.0
3.0,15.33,0.2,270.0,3626.0,0.07,2.0,7.0,0.29,1,3,0.33,1.0,1.8199999999999998,0.55,0.0
4.0,16.0,0.25,360.0,3024.0,0.12,1.0,1.0,1.0,1,1,1.0,1.0,1.0,1.0,0.0
8.0,11.57,0.69,1403.33,2341.71,0.6,3.67,1.0,3.67,6,7,0.86,1.0,1.92,0.52,0.0
6.25,12.0,0.52,813.25,2154.6,0.38,3.12,1.0,3.12,8,5,1.6,1.9,1.0,1.9,1.0
3.0,13.0,0.23,300.0,2400.0,0.12,2.0,6.0,0.33,1,1,1.0,1.0,1.0,1.0,0.0
6.0,10.0,0.6,600.0,1120.0,0.54,3.0,4.0,0.75,1,1,1.0,1.8900000000000001,1.0,1.89,0.0
9.0,3.0,3.0,1200.0,400.0,3.0,4.0,2.0,2.0,1,1,1.0,1.0,1.0,1.0,1.0
19.0,12.0,1.58,4752.0,1680.0,2.83,9.0,5.0,1.8,1,1,1.0,1.0,1.0,1.0,1.0
18.0,7.0,2.57,3780.0,504.0,7.5,1.0,1.0,1.0,1,1,1.0,1.9,1.0,1.9,1.0
9.0,3.0,3.0,1120.0,360.0,3.11,4.0,2.0,2.0,1,1,1.0,1.0,1.0,1.0,1.0
4.0,8.0,0.5,400.0,900.0,0.44,2.0,4.0,0.5,1,1,1.0,1.0,1.0,1.0,0.0
13.0,5.0,2.6,1728.0,480.0,3.6,6.0,3.0,2.0,1,1,1.0,1.0,1.8399999999999999,0.54,1.0
5.6,14.5,0.39,645.6,2814.0,0.23,3.0,1.0,3.0,5,4,1.25,1.94,1.0,1.94,0.0
16.0,10.75,1.49,3402.0,1934.88,1.76,7.0,5.12,1.37,1,8,0.12,1.0,1.0,1.0,0.0
13.0,13.0,1.0,2772.57,1854.0,1.5,6.0,1.0,6.0,7,6,1.17,2.13,1.0,2.13,1.0
9.0,13.33,0.68,1942.5,2221.0,0.87,4.25,1.0,4.25,4,6,0.67,1.88,1.0,1.88,0.0
4.0,19.0,0.21,480.0,4320.0,0.11,2.0,9.0,0.22,1,1,1.0,1.0,1.0,1.0,0.0
11.0,16.0,0.69,1749.6,2520.0,0.69,1.0,7.0,0.14,5,1,5.0,2.24,1.8399999999999999,1.22,1.0
14.75,9.0,1.64,2719.0,1262.4,2.15,6.75,4.4,1.53,4,5,0.8,1.0,2.16,0.46,0.0
16.0,8.88,1.8,2695.0,1319.25,2.04,7.0,4.12,1.7,1,8,0.12,1.0,1.8399999999999999,0.54,0.0
1.0,11.0,0.09,180.0,1620.0,0.11,1.0,5.0,0.2,1,1,1.0,1.0,1.0,1.0,0.0
7.5,14.5,0.52,807.5,3045.0,0.27,1.0,6.75,0.15,4,4,1.0,1.0,1.94,0.52,0.0
2.0,11.0,0.18,216.0,1344.0,0.16,1.0,5.0,0.2,1,1,1.0,1.0,1.0,1.0,0.0
14.0,11.67,1.2,1701.0,2195.67,0.77,1.0,1.0,1.0,1,3,0.33,1.0,1.8399999999999999,0.54,0.0
1.0,12.0,0.08,180.0,2460.0,0.07,1.0,5.5,0.18,1,4,0.25,1.0,1.0,1.0,0.0
8.0,10.0,0.8,1050.0,1620.0,0.65,4.0,4.67,0.86,1,3,0.33,1.0,1.0,1.0,0.0
7.0,10.0,0.7,700.0,2368.8,0.3,4.0,4.6,0.87,1,5,0.2,1.0,1.0,1.0,0.0
9.0,3.0,3.0,1050.0,324.0,3.24,4.0,2.0,2.0,1,1,1.0,1.0,1.0,1.0,1.0
7.0,10.0,0.7,720.0,1344.0,0.54,4.0,4.0,1.0,1,1,1.0,1.0,1.0,1.0,0.0
14.0,5.0,2.8,3024.0,480.0,6.3,6.0,3.0,2.0,1,1,1.0,1.0,1.0,1.0,1.0
7.0,20.0,0.35,720.0,4704.0,0.15,4.0,9.0,0.44,1,1,1.0,1.0,1.0,1.0,0.0
1.0,7.12,0.14,180.0,1355.25,0.13,1.0,3.38,0.3,1,8,0.12,1.0,2.23,0.45,0.0
19.0,9.0,2.11,3456.0,1667.57,2.07,9.0,4.0,2.25,1,7,0.14,1.0,1.8399999999999999,0.54,0.0
15.0,11.4,1.32,2000.0,1555.2,1.29,1.0,1.0,1.0,1,5,0.2,1.0,2.0300000000000002,0.49,0.0
12.0,14.5,0.83,1056.0,2809.33,0.38,5.0,6.5,0.77,1,6,0.17,1.0,1.0,1.0,0.0
5.0,10.0,0.5,576.0,1512.0,0.38,3.0,4.0,0.75,1,1,1.0,1.0,1.0,1.0,0.0
20.0,11.67,1.71,7140.0,2582.0,2.77,9.0,5.5,1.64,1,6,0.17,1.0,1.92,0.52,0.0
13.0,12.0,1.08,2205.0,1680.0,1.31,6.0,1.0,6.0,1,1,1.0,1.0,1.0,1.0,1.0
12.0,9.0,1.33,1568.0,1302.5,1.2,5.0,4.25,1.18,1,4,0.25,1.0,1.0,1.0,0.0
16.0,9.0,1.78,2700.0,1176.0,2.3,1.0,4.0,0.25,1,1,1.0,1.0,1.0,1.0,1.0
8.0,5.0,1.6,1008.0,600.0,1.68,4.0,3.0,1.33,1,1,1.0,1.0,1.0,1.0,1.0
15.0,6.8,2.21,3360.0,1005.6,3.34,7.0,3.6,1.94,1,5,0.2,1.0,1.0,1.0,0.0
9.6,10.75,0.89,1899.0,1551.5,1.22,4.6,1.0,4.6,5,4,1.25,1.0,1.8199999999999998,0.55,1.0
3.0,1.0,3.0,320.0,192.0,1.67,1.0,1.0,1.0,1,1,1.0,1.0,1.0,1.0,1.0
11.0,11.0,1.0,1344.0,1470.0,0.91,1.0,5.0,0.2,1,1,1.0,1.0,1.0,1.0,0.0
11.25,10.14,1.11,1531.25,1676.14,0.91,5.0,1.0,5.0,4,7,0.57,1.0,2.1399999999999997,0.47,0.0
9.0,6.33,1.42,1352.67,939.17,1.44,1.0,3.33,0.3,3,6,0.5,1.0,1.8399999999999999,0.54,0.0
20.0,1.0,20.0,5120.0,180.0,28.44,9.0,1.0,9.0,1,1,1.0,1.0,1.0,1.0,1.0
19.0,11.86,1.6,4480.0,2141.57,2.09,9.0,5.57,1.62,1,7,0.14,1.0,1.88,0.53,0.0
6.0,8.43,0.71,525.0,1615.14,0.33,3.0,4.0,0.75,1,7,0.14,1.9,2.29,0.83,0.0
13.0,8.88,1.46,1792.0,1880.25,0.95,6.0,4.12,1.46,1,8,0.12,1.8,1.92,0.94,0.0
8.0,5.0,1.6,1288.8,480.0,2.69,4.0,3.0,1.33,5,1,5.0,1.0,1.0,1.0,1.0
11.0,11.0,1.0,1400.0,1792.0,0.78,1.0,5.0,0.2,1,1,1.0,1.0,1.78,0.56,0.0
14.0,13.67,1.02,2200.0,2361.33,0.93,6.0,6.33,0.95,1,6,0.17,1.0,1.76,0.57,0.0
10.0,1.0,10.0,1680.0,192.0,8.75,4.0,1.0,4.0,1,1,1.0,1.92,1.0,1.92,1.0
8.0,2.0,4.0,750.0,240.0,3.12,4.0,1.0,4.0,1,1,1.0,1.0,1.0,1.0,1.0
14.14,10.62,1.33,2807.14,1618.0,1.73,6.29,4.75,1.32,7,8,0.88,1.0,1.0,1.0,0.0
13.0,13.29,0.98,2016.0,2930.14,0.69,1.0,6.0,0.17,1,7,0.14,1.0,1.0,1.0,0.0
12.0,8.0,1.5,1680.0,1200.0,1.4,1.0,4.0,0.25,1,1,1.0,1.97,1.0,1.97,1.0
5.0,9.0,0.56,600.0,980.0,0.61,3.0,4.0,0.75,1,1,1.0,1.8399999999999999,1.8900000000000001,0.97,0.0
19.0,9.0,2.11,4200.0,864.0,4.86,9.0,4.0,2.25,1,1,1.0,1.0,1.0,1.0,1.0
12.75,10.5,1.21,2728.75,2021.0,1.35,5.75,5.0,1.15,4,2,2.0,1.0,1.0,1.0,1.0
7.71,3.0,2.57,1448.86,300.0,4.83,3.71,1.0,3.71,7,2,3.5,2.16,1.0,2.16,1.0
4.0,8.88,0.45,375.0,1465.88,0.26,1.0,4.25,0.24,1,8,0.12,1.0,1.0,1.0,0.0
11.0,13.88,0.79,1344.0,2468.12,0.54,5.0,1.0,5.0,1,8,0.12,1.0,1.92,0.52,0.0
6.0,13.33,0.45,540.0,3143.67,0.17,3.0,6.17,0.49,1,6,0.17,1.0,1.0,1.0,0.0
16.0,11.0,1.45,3744.0,1722.0,2.17,7.0,1.0,7.0,1,5,0.2,1.0,1.0,1.0,0.0
11.0,17.0,0.65,1960.0,3024.0,0.65,5.0,8.0,0.62,1,1,1.0,1.0,1.0,1.0,0.0
10.0,14.43,0.69,972.0,3000.43,0.32,4.0,6.71,0.6,1,7,0.14,1.0,1.0,1.0,0.0
7.0,10.62,0.66,775.0,1951.0,0.4,1.0,5.0,0.2,2,8,0.25,1.0,1.0,1.0,0.0
13.0,11.0,1.18,1890.0,1620.0,1.17,6.0,5.0,1.2,1,1,1.0,1.0,1.0,1.0,1.0
13.0,13.0,1.0,1944.0,1764.0,1.1,1.0,6.0,0.17,1,1,1.0,1.0,1.0,1.0,1.0
9.14,10.0,0.91,1200.86,2356.67,0.51,1.0,4.67,0.21,7,6,1.17,1.0,1.78,0.56,0.0
18.0,8.25,2.18,5040.0,1221.75,4.13,8.0,4.12,1.94,1,8,0.12,1.0,2.23,0.45,0.0
16.5,12.0,1.38,2844.0,2148.0,1.32,1.0,5.5,0.18,2,2,1.0,1.92,1.0,1.92,1.0
11.2,8.33,1.34,2108.4,1530.0,1.38,5.0,4.0,1.25,5,3,1.67,1.9,1.0,1.9,1.0
19.0,12.29,1.55,5616.0,2394.0,2.35,9.0,5.71,1.58,1,7,0.14,1.0,1.9,0.53,0.0
6.0,13.0,0.46,504.0,1890.0,0.27,1.0,6.0,0.17,1,1,1.0,1.0,1.78,0.56,0.0
10.0,8.5,1.18,1296.0,1199.33,1.08,4.0,4.17,0.96,1,6,0.17,1.0,1.0,1.0,0.0
1.0,9.33,0.11,180.0,1477.33,0.12,1.0,4.67,0.21,1,3,0.33,1.0,1.0,1.0,0.0
19.0,11.0,1.73,4320.0,1120.0,3.86,9.0,5.0,1.8,1,1,1.0,1.0,1.0,1.0,1.0
14.0,8.0,1.75,3024.0,960.0,3.15,6.0,4.0,1.5,1,1,1.0,1.8,1.0,1.8,1.0
11.29,9.86,1.15,2044.57,1361.14,1.5,5.29,4.71,1.12,7,7,1.0,1.76,1.97,0.89,0.0
19.0,16.0,1.19,3744.0,2800.0,1.34,1.0,1.0,1.0,1,1,1.0,1.0,1.0,1.0,0.0
11.17,8.86,1.26,2379.0,1316.86,1.81,5.17,1.0,5.17,6,7,0.86,1.0,1.0,1.0,1.0
15.0,10.0,1.5,2880.0,1628.5,1.77,7.0,4.83,1.45,1,6,0.17,1.0,2.0300000000000002,0.49,0.0
3.0,10.0,0.3,288.0,1200.0,0.24,2.0,4.0,0.5,1,1,1.0,1.0,1.0,1.0,0.0
19.0,16.4,1.16,4050.0,3652.0,1.11,1.0,7.4,0.14,1,5,0.2,1.0,1.0,1.0,0.0
5.0,14.62,0.34,600.0,3004.38,0.2,3.0,6.88,0.44,1,8,0.12,1.0,1.0,1.0,0.0
14.0,20.0,0.7,2940.0,4212.0,0.7,6.0,9.0,0.67,1,1,1.0,1.0,1.0,1.0,0.0
10.0,6.0,1.67,1260.0,525.0,2.4,4.0,3.0,1.33,1,1,1.0,1.0,1.0,1.0,1.0
20.0,13.0,1.54,6048.0,1728.0,3.5,9.0,1.0,9.0,1,1,1.0,1.0,1.0,1.0,1.0
10.0,17.0,0.59,1225.0,3150.0,0.39,1.0,8.0,0.12,1,1,1.0,1.0,1.0,1.0,0.0
6.0,6.0,1.0,504.0,576.0,0.88,1.0,3.0,0.33,1,1,1.0,1.0,1.76,0.57,0.0
10.0,6.0,1.67,1200.0,600.0,2.0,4.0,1.0,4.0,1,1,1.0,1.0,1.0,1.0,1.0
9.0,1.0,9.0,1260.0,180.0,7.0,4.0,1.0,4.0,1,1,1.0,1.0,1.0,1.0,1.0
16.0,6.0,2.67,3920.0,800.0,4.9,7.0,3.0,2.33,1,1,1.0,1.0,1.0,1.0,1.0
9.75,11.0,0.89,1971.25,1889.5,1.04,4.62,1.0,4.62,8,6,1.33,1.0,1.0,1.0,1.0
20.0,1.0,20.0,4200.0,192.0,21.88,1.0,1.0,1.0,1,1,1.0,1.0,1.0,1.0,1.0
17.0,5.0,3.4,3528.0,432.0,8.17,1.0,3.0,0.33,1,1,1.0,1.0,1.0,1.0,1.0
12.0,7.38,1.63,1680.0,1281.0,1.31,5.0,1.0,5.0,1,8,0.12,1.78,1.8399999999999999,0.97,0.0
20.0,5.0,4.0,4095.0,800.0,5.12,1.0,3.0,0.33,1,1,1.0,1.0,1.0,1.0,1.0
6.0,9.67,0.62,600.0,1596.0,0.38,3.0,1.0,3.0,1,6,0.17,1.0,1.8900000000000001,0.53,0.0
12.0,7.0,1.71,1800.0,953.0,1.89,5.0,3.33,1.5,1,3,0.33,1.0,1.0,1.0,0.0
10.0,8.75,1.14,1260.0,1735.0,0.73,1.0,4.25,0.24,1,4,0.25,1.0,1.0,1.0,0.0
6.0,20.0,0.3,480.0,6720.0,0.07,1.0,9.0,0.11,1,1,1.0,1.0,1.0,1.0,0.0
3.0,6.0,0.5,288.0,600.0,0.48,2.0,1.0,2.0,1,1,1.0,1.0,1.0,1.0,0.0
16.0,9.12,1.75,2695.0,1320.0,2.04,1.0,4.25,0.24,1,8,0.12,1.0,1.8900000000000001,0.53,0.0
13.0,13.0,1.0,1800.0,2112.0,0.85,6.0,6.0,1.0,1,1,1.0,1.0,1.0,1.0,0.0
11.0,12.62,0.87,1512.0,2521.0,0.6,5.0,5.88,0.85,1,8,0.12,1.0,1.0,1.0,0.0
14.0,13.0,1.08,2205.0,2016.0,1.09,6.0,1.0,6.0,1,1,1.0,1.0,1.0,1.0,0.0
11.0,19.0,0.58,1365.0,4536.0,0.3,5.0,9.0,0.56,1,1,1.0,1.0,1.0,1.0,0.0
19.0,5.0,3.8,2772.0,600.0,4.62,9.0,3.0,3.0,1,1,1.0,1.0,1.0,1.0,1.0
2.0,13.75,0.15,240.0,2463.0,0.1,1.0,6.25,0.16,1,4,0.25,1.0,2.12,0.47,0.0
4.0,11.88,0.34,315.0,2617.62,0.12,1.0,5.5,0.18,1,8,0.12,1.0,1.0,1.0,0.0
9.71,6.5,1.49,1624.29,930.0,1.75,4.57,1.0,4.57,7,2,3.5,1.88,1.0,1.88,1.0
6.0,3.0,2.0,625.0,320.0,1.95,3.0,2.0,1.5,1,1,1.0,1.0,1.0,1.0,1.0
6.0,3.0,2.0,672.0,300.0,2.24,3.0,2.0,1.5,1,1,1.0,1.0,1.0,1.0,1.0
14.0,17.0,0.82,2940.0,3360.0,0.88,6.0,8.0,0.75,1,1,1.0,1.0,1.0,1.0,0.0
17.0,2.0,8.5,3744.0,225.0,16.64,8.0,1.0,8.0,1,1,1.0,1.0,1.0,1.0,1.0
17.0,14.75,1.15,3528.0,2801.5,1.26,8.0,6.75,1.19,1,4,0.25,1.0,1.0,1.0,0.0
10.2,11.0,0.93,2538.2,2587.67,0.98,4.6,5.33,0.86,5,6,0.83,1.0,1.0,1.0,0.0
4.0,4.0,1.0,400.0,315.0,1.27,1.0,2.0,0.5,1,1,1.0,1.0,1.0,1.0,1.0
6.0,20.0,0.3,800.0,6237.0,0.13,3.0,9.0,0.33,1,1,1.0,1.0,1.0,1.0,0.0
3.0,16.0,0.19,300.0,3744.0,0.08,1.0,7.0,0.14,1,1,1.0,1.0,1.0,1.0,0.0
14.5,12.86,1.13,2727.0,2678.43,1.02,6.5,5.86,1.11,2,7,0.29,1.0,1.0,1.0,0.0
1.0,14.0,0.07,192.0,3840.0,0.05,1.0,6.0,0.17,1,1,1.0,1.0,1.0,1.0,0.0
2.0,14.0,0.14,216.0,2835.0,0.08,1.0,6.0,0.17,1,1,1.0,1.0,1.0,1.0,0.0
15.25,10.75,1.42,3544.25,2229.75,1.59,7.25,5.0,1.45,4,8,0.5,1.0,1.97,0.51,0.0
18.0,9.83,1.83,4032.0,1412.0,2.86,1.0,1.0,1.0,1,6,0.17,1.0,1.9,0.53,0.0
8.0,7.0,1.14,1080.0,700.0,1.54,4.0,4.0,1.0,1,1,1.0,1.0,1.0,1.0,0.0
6.0,12.17,0.49,600.0,2024.0,0.3,1.0,1.0,1.0,1,6,0.17,1.8900000000000001,1.0,1.89,0.0
18.0,17.0,1.06,3888.0,4320.0,0.9,8.0,8.0,1.0,1,1,1.0,1.0,1.0,1.0,0.0
9.0,8.0,1.12,896.0,800.0,1.12,1.0,4.0,0.25,1,1,1.0,1.0,1.0,1.0,1.0
17.0,16.0,1.06,2772.0,2835.0,0.98,8.0,1.0,8.0,1,1,1.0,1.0,1.0,1.0,1.0
11.0,6.75,1.63,1680.0,1185.0,1.42,5.0,3.25,1.54,1,4,0.25,1.0,1.0,1.0,0.0
6.0,12.0,0.5,600.0,1568.0,0.38,3.0,1.0,3.0,1,1,1.0,1.0,1.0,1.0,0.0
8.0,16.0,0.5,768.0,4224.0,0.18,4.0,7.0,0.57,1,1,1.0,1.78,1.0,1.78,0.0
9.75,11.75,0.83,1311.0,2313.0,0.57,4.5,5.25,0.86,4,4,1.0,1.0,1.8399999999999999,0.54,0.0
13.6,8.67,1.57,2605.2,830.0,3.14,6.6,4.33,1.52,5,3,1.67,1.0,1.0,1.0,1.0
3.0,14.0,0.21,252.0,3888.0,0.06,1.0,6.0,0.17,1,1,1.0,1.0,1.0,1.0,0.0
2.0,13.0,0.15,256.0,2268.0,0.11,1.0,6.0,0.17,1,1,1.0,1.0,1.0,1.0,0.0
16.0,13.0,1.23,3024.0,2430.0,1.24,7.0,6.0,1.17,1,1,1.0,1.0,1.0,1.0,0.0
11.0,2.0,5.5,1050.0,240.0,4.38,1.0,1.0,1.0,1,1,1.0,1.0,1.0,1.0,1.0
9.0,11.0,0.82,1620.0,2644.29,0.61,4.0,5.14,0.78,1,7,0.14,1.0,1.0,1.0,0.0
18.0,14.0,1.29,3888.0,1944.0,2.0,1.0,1.0,1.0,1,1,1.0,1.0,1.0,1.0,1.0
14.0,1.0,14.0,2352.0,180.0,13.07,1.0,1.0,1.0,1,1,1.0,1.0,1.0,1.0,1.0
13.0,6.5,2.0,3076.5,650.0,4.73,6.0,3.5,1.71,4,2,2.0,1.0,1.0,1.0,1.0
12.0,13.62,0.88,2160.0,2586.75,0.84,5.0,6.12,0.82,1,8,0.12,1.0,2.1,0.48,0.0
20.0,9.14,2.19,6006.0,1321.43,4.55,9.0,4.43,2.03,1,7,0.14,1.0,1.0,1.0,0.0
15.0,15.0,1.0,2450.0,3528.0,0.69,7.0,7.0,1.0,1,1,1.0,1.0,1.0,1.0,1.0
4.0,10.5,0.38,400.0,2349.0,0.17,1.0,5.25,0.19,1,4,0.25,1.0,1.0,1.0,0.0
2.0,7.75,0.26,189.0,1561.0,0.12,1.0,3.75,0.27,1,4,0.25,1.0,1.8900000000000001,0.53,0.0
15.0,5.0,3.0,2646.0,480.0,5.51,7.0,3.0,2.33,1,1,1.0,1.0,1.78,0.56,1.0
14.0,11.83,1.18,2401.0,1866.33,1.29,1.0,5.17,0.19,1,6,0.17,1.0,1.0,1.0,0.0
11.0,9.0,1.22,1944.0,1008.0,1.93,5.0,1.0,5.0,1,1,1.0,1.0,1.0,1.0,1.0
7.0,10.5,0.67,960.0,1320.0,0.73,4.0,1.0,4.0,1,2,0.5,1.0,1.0,1.0,0.0
19.0,15.83,1.2,3600.0,4964.33,0.73,9.0,7.33,1.23,1,6,0.17,1.8900000000000001,1.9,0.99,0.0
1.0,12.0,0.08,180.0,1575.0,0.11,1.0,5.0,0.2,1,1,1.0,1.0,1.0,1.0,0.0
12.0,14.75,0.81,2278.86,3567.25,0.64,5.43,7.0,0.78,7,4,1.75,1.0,1.0,1.0,1.0
17.0,2.0,8.5,3080.0,225.0,13.69,1.0,1.0,1.0,1,1,1.0,1.0,1.0,1.0,1.0
6.71,7.4,0.91,878.29,841.6,1.04,3.29,1.0,3.29,7,5,1.4,1.0,1.0,1.0,0.0
17.0,20.0,0.85,4480.0,4851.0,0.92,8.0,9.0,0.89,1,1,1.0,1.0,1.0,1.0,0.0
4.0,8.83,0.45,384.0,1727.17,0.22,2.0,4.0,0.5,1,6,0.17,1.0,1.0,1.0,0.0
5.0,9.0,0.56,750.0,1080.0,0.69,3.0,1.0,3.0,1,1,1.0,1.0,1.0,1.0,0.0
14.5,12.29,1.18,3040.0,2634.71,1.15,6.5,5.71,1.14,2,7,0.29,1.0,1.0,1.0,0.0
7.5,11.38,0.66,1042.0,2015.62,0.52,3.5,5.0,0.7,2,8,0.25,1.0,1.0,1.0,0.0
15.0,14.0,1.07,2744.0,1920.0,1.43,7.0,1.0,7.0,1,1,1.0,1.94,1.0,1.94,1.0
19.0,8.2,2.32,4536.0,1670.4,2.72,9.0,1.0,9.0,1,5,0.2,1.0,1.9,0.53,0.0
7.0,11.67,0.6,750.0,2205.17,0.34,1.0,5.33,0.19,1,6,0.17,1.0,1.8399999999999999,0.54,0.0
19.0,14.0,1.36,4320.0,2622.86,1.65,9.0,6.43,1.4,1,7,0.14,1.0,1.0,1.0,0.0
12.0,3.0,4.0,2450.0,320.0,7.66,5.0,1.0,5.0,1,1,1.0,1.0,1.0,1.0,1.0
10.0,9.0,1.11,1008.0,980.0,1.03,1.0,4.0,0.25,1,1,1.0,1.0,1.0,1.0,0.0
14.0,10.0,1.4,2592.0,1350.0,1.92,6.0,4.0,1.5,1,1,1.0,1.0,1.0,1.0,1.0
3.0,12.67,0.24,360.0,2670.0,0.13,2.0,5.83,0.34,1,6,0.17,1.0,1.0,1.0,0.0
10.0,10.5,0.95,1539.38,2066.5,0.74,1.0,5.0,0.2,8,6,1.33,1.9,1.8,1.06,1.0
16.0,6.0,2.67,3024.0,504.0,6.0,7.0,1.0,7.0,1,1,1.0,1.0,1.0,1.0,1.0
3.0,13.0,0.23,300.0,1920.0,0.16,2.0,6.0,0.33,1,1,1.0,1.0,1.0,1.0,0.0
8.0,8.0,1.0,900.0,1420.0,0.63,4.0,4.0,1.0,1,2,0.5,1.0,1.8,0.56,0.0
12.0,13.0,0.92,1296.0,1800.0,0.72,5.0,6.0,0.83,1,1,1.0,1.0,1.0,1.0,0.0
9.0,9.0,1.0,882.0,960.0,0.92,1.0,4.0,0.25,1,1,1.0,1.0,1.0,1.0,0.0
10.0,12.17,0.82,1080.0,2767.67,0.39,4.0,5.67,0.71,1,6,0.17,1.0,1.0,1.0,0.0
11.0,15.0,0.73,1680.0,2160.0,0.78,5.0,1.0,5.0,1,1,1.0,1.0,1.0,1.0,1.0
20.0,3.0,6.67,4536.0,320.0,14.18,9.0,2.0,4.5,1,1,1.0,1.0,1.0,1.0,1.0
19.0,9.0,2.11,3822.0,980.0,3.9,9.0,4.0,2.25,1,1,1.0,1.0,1.9,0.53,1.0
18.0,8.0,2.25,3168.0,1400.0,2.26,8.0,4.0,2.0,1,1,1.0,1.0,1.0,1.0,1.0
10.0,12.0,0.83,1296.0,1680.0,0.77,1.0,1.0,1.0,1,1,1.0,1.97,1.0,1.97,0.0
7.0,1.0,7.0,900.0,192.0,4.69,4.0,1.0,4.0,1,1,1.0,1.0,1.0,1.0,1.0
16.0,16.0,1.0,4032.0,5040.0,0.8,7.0,7.0,1.0,1,1,1.0,1.0,1.0,1.0,0.0
4.0,18.0,0.22,384.0,3024.0,0.13,2.0,8.0,0.25,1,1,1.0,1.0,1.0,1.0,0.0
7.0,9.0,0.78,672.0,1344.0,0.5,4.0,4.0,1.0,1,1,1.0,1.0,1.0,1.0,0.0
11.0,11.0,1.0,2016.0,1400.0,1.44,5.0,5.0,1.0,1,1,1.0,1.0,1.92,0.52,0.0
11.0,8.0,1.38,1620.0,900.0,1.8,5.0,1.0,5.0,1,1,1.0,1.0,1.0,1.0,1.0
17.0,9.75,1.74,5824.0,2064.75,2.82,8.0,4.5,1.78,1,4,0.25,1.0,1.0,1.0,0.0
16.0,6.75,2.37,3465.0,1094.25,3.17,7.0,3.25,2.15,1,8,0.12,1.0,2.06,0.49,0.0
8.0,16.0,0.5,1080.0,3870.29,0.28,4.0,7.29,0.55,1,7,0.14,1.0,1.0,1.0,0.0
3.0,12.17,0.25,400.0,2342.33,0.17,2.0,5.5,0.36,1,6,0.17,1.8,1.0,1.8,0.0
18.0,9.83,1.83,4032.0,1958.5,2.06,8.0,4.67,1.71,1,6,0.17,1.0,2.1399999999999997,0.47,0.0
8.0,19.0,0.42,900.0,4320.0,0.21,1.0,9.0,0.11,1,1,1.0,1.0,1.0,1.0,0.0
17.0,11.0,1.55,3402.0,1833.25,1.86,8.0,5.25,1.52,1,4,0.25,1.76,1.88,0.94,0.0
11.86,10.67,1.11,1883.71,1712.0,1.1,5.57,1.0,5.57,7,3,2.33,1.0,1.0,1.0,1.0
15.0,3.0,5.0,2520.0,300.0,8.4,7.0,2.0,3.5,1,1,1.0,1.0,1.0,1.0,1.0
5.0,17.0,0.29,420.0,3080.0,0.14,3.0,1.0,3.0,1,1,1.0,1.0,1.0,1.0,0.0
16.0,13.0,1.23,2880.0,1764.0,1.63,1.0,6.0,0.17,1,1,1.0,1.0,1.0,1.0,0.0
9.5,13.33,0.71,1660.0,3394.0,0.49,4.33,6.17,0.7,6,6,1.0,1.8199999999999998,1.0,1.82,0.0
18.0,4.0,4.5,4860.0,400.0,12.15,8.0,2.0,4.0,1,1,1.0,1.0,1.92,0.52,1.0
6.0,10.0,0.6,600.0,1728.0,0.35,1.0,4.0,0.25,1,1,1.0,1.0,1.0,1.0,1.0
16.0,1.0,16.0,3888.0,192.0,20.25,7.0,1.0,7.0,1,1,1.0,1.0,1.0,1.0,1.0
8.0,12.0,0.67,900.0,1620.0,0.56,4.0,1.0,4.0,1,1,1.0,1.0,1.0,1.0,0.0
11.0,10.0,1.1,1728.0,1680.0,1.03,5.0,4.0,1.25,1,1,1.0,1.0,1.0,1.0,1.0
18.0,13.0,1.38,3465.0,1920.0,1.8,8.0,6.0,1.33,1,1,1.0,1.0,1.0,1.0,0.0
1.0,15.5,0.06,192.0,3899.0,0.05,1.0,7.0,0.14,1,2,0.5,1.0,1.0,1.0,0.0
3.0,18.0,0.17,252.0,5120.0,0.05,2.0,8.0,0.25,1,1,1.0,1.0,1.0,1.0,0.0
7.0,16.0,0.44,900.0,2880.0,0.31,4.0,7.0,0.57,1,1,1.0,1.0,1.0,1.0,0.0
12.67,10.83,1.17,2659.67,2040.83,1.3,5.83,5.0,1.17,6,6,1.0,1.8900000000000001,1.0,1.89,1.0
9.0,16.0,0.56,750.0,3136.0,0.24,4.0,7.0,0.57,1,1,1.0,1.87,1.0,1.87,0.0
12.5,12.83,0.97,2950.75,2997.67,0.98,5.5,6.0,0.92,4,6,0.67,1.0,1.8,0.56,0.0
10.86,10.14,1.07,1683.57,1735.43,0.97,1.0,1.0,1.0,7,7,1.0,1.92,1.0,1.92,1.0
1.0,16.0,0.06,180.0,2200.0,0.08,1.0,1.0,1.0,1,1,1.0,1.0,1.0,1.0,0.0
19.0,4.0,4.75,4620.0,360.0,12.83,9.0,1.0,9.0,1,1,1.0,1.0,1.0,1.0,1.0
6.0,2.0,3.0,540.0,240.0,2.25,3.0,1.0,3.0,1,1,1.0,1.0,1.0,1.0,1.0
6.0,14.67,0.41,784.0,3120.0,0.25,3.5,6.33,0.55,2,3,0.67,1.0,1.97,0.51,0.0
17.0,18.0,0.94,3200.0,6399.0,0.5,8.0,8.0,1.0,1,2,0.5,1.0,1.0,1.0,0.0
17.0,18.0,0.94,3430.0,4032.0,0.85,1.0,8.0,0.12,1,1,1.0,1.0,1.0,1.0,1.0
2.0,4.0,0.5,216.0,400.0,0.54,1.0,1.0,1.0,1,1,1.0,1.0,1.92,0.52,1.0
11.0,8.0,1.38,1400.0,1008.0,1.39,5.0,4.0,1.25,1,1,1.0,1.0,1.0,1.0,1.0
20.0,13.0,1.54,5040.0,2058.0,2.45,9.0,6.0,1.5,1,1,1.0,1.0,1.0,1.0,1.0
1.0,2.0,0.5,180.0,240.0,0.75,1.0,1.0,1.0,1,1,1.0,1.0,1.0,1.0,0.0
11.12,7.2,1.54,1789.0,1610.0,1.11,5.25,3.6,1.46,8,5,1.6,1.8,1.9,0.95,1.0
4.0,11.0,0.36,400.0,2016.0,0.2,2.0,5.0,0.4,1,1,1.0,1.0,1.0,1.0,0.0
11.83,7.4,1.6,2337.67,916.8,2.55,5.5,1.0,5.5,6,5,1.2,1.0,1.0,1.0,1.0
8.0,11.0,0.73,900.0,1400.0,0.64,4.0,1.0,4.0,1,1,1.0,1.0,1.9,0.53,1.0
8.0,10.4,0.77,1502.8,1936.0,0.78,4.0,5.0,0.8,5,5,1.0,1.8399999999999999,1.8,1.02,0.0
11.0,18.0,0.61,1440.0,5040.0,0.29,5.0,8.0,0.62,1,1,1.0,1.0,1.0,1.0,0.0
2.0,20.0,0.1,225.0,6552.0,0.03,1.0,9.0,0.11,1,1,1.0,1.0,1.0,1.0,0.0
12.57,12.0,1.05,2658.71,2308.0,1.15,5.71,5.67,1.01,7,3,2.33,1.0,1.0,1.0,1.0
1.0,10.38,0.1,192.0,2064.62,0.09,1.0,1.0,1.0,1,8,0.12,1.0,1.77,0.56,0.0
9.0,11.71,0.77,1805.33,2293.14,0.79,4.33,5.57,0.78,6,7,0.86,1.0,1.0,1.0,0.0
5.0,3.0,1.67,378.0,300.0,1.26,3.0,2.0,1.5,1,1,1.0,1.0,1.0,1.0,1.0
17.0,5.0,3.4,3150.0,500.0,6.3,1.0,1.0,1.0,1,1,1.0,1.0,1.0,1.0,1.0
9.33,10.2,0.91,1647.33,2247.2,0.73,4.5,4.8,0.94,6,5,1.2,2.08,1.0,2.08,1.0
3.0,2.0,1.5,270.0,225.0,1.2,1.0,1.0,1.0,1,1,1.0,1.0,1.0,1.0,1.0
16.0,11.0,1.45,5184.0,1804.12,2.87,7.0,5.0,1.4,1,8,0.12,1.0,2.0700000000000003,0.48,0.0
11.71,11.0,1.06,2091.29,1756.0,1.19,1.0,5.5,0.18,7,2,3.5,1.78,1.0,1.78,1.0
11.0,10.29,1.07,1512.0,1683.43,0.9,5.0,4.71,1.06,1,7,0.14,1.0,1.87,0.53,0.0
11.0,15.0,0.73,1920.0,3528.0,0.54,5.0,7.0,0.71,1,1,1.0,1.0,1.0,1.0,0.0
3.0,10.0,0.3,300.0,1200.0,0.25,2.0,4.0,0.5,1,1,1.0,1.0,1.0,1.0,0.0
13.0,4.0,3.25,2058.0,243.0,8.47,6.0,2.0,3.0,1,1,1.0,1.0,1.0,1.0,1.0
15.0,13.0,1.15,2688.0,1890.0,1.42,7.0,6.0,1.17,1,1,1.0,1.92,1.0,1.92,1.0
2.0,7.75,0.26,216.0,1729.5,0.12,1.0,3.5,0.29,1,4,0.25,1.0,1.0,1.0,0.0
4.0,9.0,0.44,360.0,896.0,0.4,2.0,1.0,2.0,1,1,1.0,1.0,1.0,1.0,0.0
10.0,9.6,1.04,2240.0,1315.4,1.7,4.0,1.0,4.0,1,5,0.2,1.0,1.0,1.0,0.0
1.0,2.0,0.5,192.0,240.0,0.8,1.0,1.0,1.0,1,1,1.0,1.0,1.0,1.0,1.0
11.0,2.0,5.5,1920.0,240.0,8.0,5.0,1.0,5.0,1,1,1.0,1.0,1.0,1.0,1.0
14.29,5.67,2.52,2777.71,714.0,3.89,6.57,2.67,2.46,7,3,2.33,1.78,1.0,1.78,1.0
8.0,10.0,0.8,800.0,1200.0,0.67,4.0,4.0,1.0,1,1,1.0,1.0,1.0,1.0,0.0
20.0,13.5,1.48,6400.0,1995.0,3.21,9.0,1.0,9.0,1,2,0.5,1.0,1.0,1.0,1.0
16.0,19.0,0.84,3888.0,4410.0,0.88,7.0,9.0,0.78,1,1,1.0,1.0,1.0,1.0,0.0
11.0,5.25,2.1,1440.0,731.25,1.97,4.67,2.5,1.87,3,4,0.75,1.0,1.77,0.56,1.0
8.0,4.0,2.0,600.0,360.0,1.67,4.0,2.0,2.0,1,1,1.0,1.0,1.0,1.0,1.0
5.0,14.0,0.36,420.0,3888.0,0.11,3.0,6.0,0.5,1,1,1.0,1.0,1.0,1.0,0.0
13.0,9.4,1.38,2542.5,1514.4,1.68,6.25,4.2,1.49,4,5,0.8,1.0,1.0,1.0,1.0
15.0,11.0,1.36,2646.0,1800.0,1.47,1.0,5.0,0.2,1,1,1.0,1.0,1.0,1.0,1.0
1.0,15.0,0.07,180.0,2646.0,0.07,1.0,1.0,1.0,1,1,1.0,1.0,1.0,1.0,0.0
20.0,12.71,1.57,4212.0,2230.86,1.89,9.0,1.0,9.0,1,7,0.14,1.0,1.0,1.0,0.0
14.0,14.0,1.0,2160.0,1960.0,1.1,1.0,1.0,1.0,1,1,1.0,1.0,1.0,1.0,0.0
20.0,8.5,2.35,5040.0,1163.67,4.33,9.0,4.0,2.25,1,6,0.17,1.0,1.0,1.0,0.0
5.0,15.0,0.33,450.0,2240.0,0.2,3.0,1.0,3.0,1,1,1.0,1.0,1.0,1.0,0.0
13.0,20.0,0.65,1680.0,4752.0,0.35,6.0,9.0,0.67,1,1,1.0,1.8,1.0,1.8,0.0
10.0,7.43,1.35,1470.0,1060.0,1.39,4.0,3.71,1.08,1,7,0.14,1.0,1.8,0.56,0.0
10.75,6.2,1.73,1896.0,692.4,2.74,4.75,1.0,4.75,4,5,0.8,2.17,1.0,2.17,1.0
8.0,4.0,2.0,840.0,450.0,1.87,4.0,2.0,2.0,1,1,1.0,1.0,1.0,1.0,1.0
15.0,19.0,0.79,2156.0,3888.0,0.55,7.0,1.0,7.0,1,1,1.0,1.0,1.0,1.0,0.0
19.0,9.17,2.07,3960.0,1812.5,2.18,1.0,4.5,0.22,1,6,0.17,1.0,1.0,1.0,0.0
9.0,13.33,0.68,1620.0,3073.67,0.53,4.0,6.0,0.67,1,6,0.17,1.0,1.0,1.0,0.0
6.0,13.0,0.46,600.0,1944.0,0.31,3.0,1.0,3.0,1,1,1.0,1.78,1.0,1.78,0.0
19.0,9.5,2.0,4480.0,1952.67,2.29,1.0,4.5,0.22,1,6,0.17,1.0,1.0,1.0,0.0
19.0,11.0,1.73,4536.0,1536.0,2.95,9.0,5.0,1.8,1,1,1.0,1.0,1.0,1.0,1.0
8.0,15.0,0.53,1440.0,2560.0,0.56,4.0,1.0,4.0,1,1,1.0,1.0,1.0,1.0,0.0
11.67,6.57,1.78,1674.0,974.14,1.72,1.0,3.29,0.3,3,7,0.43,1.0,1.94,0.52,0.0
11.0,3.0,3.67,1400.0,400.0,3.5,5.0,2.0,2.5,1,1,1.0,1.0,1.0,1.0,1.0
6.0,18.0,0.33,600.0,4224.0,0.14,1.0,8.0,0.12,1,1,1.0,1.0,1.0,1.0,0.0
8.0,9.12,0.88,1200.0,1636.5,0.73,4.0,4.25,0.94,1,8,0.12,1.0,1.0,1.0,0.0
3.0,8.0,0.38,270.0,1080.0,0.25,2.0,4.0,0.5,1,1,1.0,1.78,1.0,1.78,0.0
3.0,5.0,0.6,288.0,500.0,0.58,2.0,3.0,0.67,1,1,1.0,1.0,1.0,1.0,0.0
13.0,9.5,1.37,1800.0,1824.0,0.99,6.0,4.5,1.33,1,2,0.5,1.0,1.0,1.0,0.0
20.0,10.75,1.86,4752.0,2000.12,2.38,1.0,5.0,0.2,1,8,0.12,1.92,1.8,1.07,0.0
3.0,12.0,0.25,320.0,2016.0,0.16,2.0,5.0,0.4,1,1,1.0,1.0,1.0,1.0,0.0
11.0,11.0,1.0,1120.0,2406.6,0.47,5.0,5.2,0.96,1,5,0.2,1.0,1.0,1.0,0.0
15.0,7.0,2.14,2688.0,864.0,3.11,7.0,4.0,1.75,1,1,1.0,1.0,1.0,1.0,1.0
14.0,10.29,1.36,3240.0,1630.86,1.99,6.0,4.71,1.27,1,7,0.14,1.0,2.2,0.45,0.0
1.0,7.0,0.14,180.0,875.0,0.21,1.0,4.0,0.25,1,1,1.0,1.0,1.0,1.0,0.0
19.0,5.0,3.8,4032.0,560.0,7.2,1.0,3.0,0.33,1,1,1.0,1.0,1.0,1.0,1.0
12.25,12.38,0.99,2023.0,2949.75,0.69,1.0,5.88,0.17,4,8,0.5,1.8199999999999998,1.8900000000000001,0.96,0.0
8.0,7.0,1.14,960.0,576.0,1.67,4.0,4.0,1.0,1,1,1.0,1.0,1.0,1.0,1.0
16.0,1.0,16.0,3024.0,192.0,15.75,1.0,1.0,1.0,1,1,1.0,1.0,1.0,1.0,1.0
2.0,2.0,1.0,240.0,240.0,1.0,1.0,1.0,1.0,1,1,1.0,1.0,1.8399999999999999,0.54,0.0
2.0,14.0,0.14,216.0,2240.0,0.1,1.0,1.0,1.0,1,1,1.0,1.0,1.0,1.0,0.0
10.4,15.0,0.69,2398.8,3648.5,0.66,4.8,7.0,0.69,5,6,0.83,2.2800000000000002,1.8399999999999999,1.24,0.0
6.0,13.0,0.46,600.0,2352.0,0.26,3.0,6.0,0.5,1,1,1.0,1.0,1.0,1.0,0.0
19.0,1.0,19.0,4320.0,192.0,22.5,9.0,1.0,9.0,1,1,1.0,1.0,1.8399999999999999,0.54,1.0
12.0,6.67,1.8,2268.0,606.67,3.74,5.0,3.33,1.5,1,3,0.33,1.0,1.94,0.52,0.0
7.0,10.4,0.67,1000.0,1759.2,0.57,3.2,4.8,0.67,5,5,1.0,1.0,1.0,1.0,0.0
1.0,13.0,0.08,180.0,2520.0,0.07,1.0,6.0,0.17,1,1,1.0,1.0,1.0,1.0,0.0
11.0,8.0,1.38,1920.0,1080.0,1.78,5.0,4.0,1.25,1,1,1.0,1.0,1.0,1.0,1.0
12.25,7.0,1.75,2058.0,720.0,2.86,5.5,4.0,1.38,4,1,4.0,1.8199999999999998,1.0,1.82,1.0
11.83,10.12,1.17,2096.67,2205.25,0.95,5.67,4.75,1.19,6,8,0.75,1.0,1.87,0.53,0.0
4.0,8.5,0.47,384.0,1221.75,0.31,1.0,1.0,1.0,1,4,0.25,1.0,1.0,1.0,0.0
20.0,4.0,5.0,4860.0,336.0,14.46,9.0,1.0,9.0,1,1,1.0,1.0,1.0,1.0,1.0
7.0,13.0,0.54,700.0,3272.0,0.21,1.0,5.67,0.18,1,3,0.33,1.0,1.8900000000000001,0.53,0.0
11.0,9.25,1.19,1440.0,1359.25,1.06,5.0,1.0,5.0,1,8,0.12,1.0,1.92,0.52,0.0
5.0,5.0,1.0,500.0,576.0,0.87,3.0,3.0,1.0,1,1,1.0,1.0,1.0,1.0,1.0
19.0,6.0,3.17,4536.0,720.0,6.3,9.0,3.0,3.0,1,1,1.0,1.0,1.0,1.0,1.0
14.0,1.0,14.0,2700.0,192.0,14.06,6.0,1.0,6.0,1,1,1.0,1.0,1.0,1.0,1.0
9.0,18.0,0.5,756.0,3300.0,0.23,4.0,8.0,0.5,1,1,1.0,1.0,1.0,1.0,0.0
19.0,5.0,3.8,4158.0,480.0,8.66,9.0,3.0,3.0,1,1,1.0,1.0,1.0,1.0,1.0
13.0,13.0,1.0,2016.0,1960.0,1.03,6.0,6.0,1.0,1,1,1.0,1.0,1.0,1.0,0.0
20.0,10.67,1.87,4235.0,1773.0,2.39,9.0,1.0,9.0,1,6,0.17,1.0,1.0,1.0,0.0
3.5,9.25,0.38,328.0,1338.0,0.25,2.0,4.75,0.42,2,4,0.5,1.8,1.0,1.8,0.0
2.0,4.0,0.5,256.0,360.0,0.71,1.0,1.0,1.0,1,1,1.0,1.8900000000000001,1.9,0.99,1.0
9.8,13.0,0.75,1798.4,2410.0,0.75,4.6,6.0,0.77,5,2,2.5,2.06,1.0,2.06,1.0
4.0,17.0,0.24,360.0,4320.0,0.08,1.0,8.0,0.12,1,1,1.0,1.0,1.0,1.0,0.0
12.0,19.0,0.63,1764.0,4312.0,0.41,1.0,9.0,0.11,1,1,1.0,1.9,1.0,1.9,0.0
11.0,9.0,1.22,2100.0,882.0,2.38,5.0,4.0,1.25,1,1,1.0,1.0,1.0,1.0,1.0
4.0,10.67,0.37,400.0,1434.0,0.28,1.0,1.0,1.0,1,3,0.33,1.0,1.0,1.0,0.0
13.0,17.0,0.76,2058.0,3240.0,0.64,6.0,1.0,6.0,1,1,1.0,1.0,1.0,1.0,1.0
12.0,15.0,0.8,2880.0,2520.0,1.14,5.0,1.0,5.0,1,1,1.0,1.0,1.0,1.0,1.0
6.0,17.0,0.35,560.0,3528.0,0.16,3.0,8.0,0.38,1,1,1.0,1.0,1.0,1.0,0.0
12.2,10.0,1.22,2031.6,2164.5,0.94,5.8,4.83,1.2,5,6,0.83,1.9,1.0,1.9,0.0
16.0,5.0,3.2,2160.0,540.0,4.0,7.0,3.0,2.33,1,1,1.0,1.0,1.0,1.0,0.0
15.0,13.0,1.15,2250.0,2880.0,0.78,7.0,6.0,1.17,1,1,1.0,1.0,1.0,1.0,1.0
5.0,10.0,0.5,600.0,1620.0,0.37,3.0,4.0,0.75,1,1,1.0,1.88,1.0,1.88,0.0
17.0,6.0,2.83,3024.0,576.0,5.25,8.0,3.0,2.67,1,1,1.0,1.0,1.9,0.53,1.0
8.0,18.0,0.44,1120.0,3465.0,0.32,4.0,1.0,4.0,1,1,1.0,1.0,1.0,1.0,0.0
5.2,10.0,0.52,564.0,2260.0,0.25,2.6,5.0,0.52,5,2,2.5,2.26,1.0,2.26,1.0
17.0,17.0,1.0,2880.0,3888.0,0.74,8.0,8.0,1.0,1,1,1.0,1.0,1.0,1.0,1.0
10.0,15.0,0.67,1440.0,2520.0,0.57,4.0,7.0,0.57,1,1,1.0,1.0,1.0,1.0,0.0
15.0,11.33,1.32,2304.0,1860.0,1.24,7.0,5.33,1.31,1,3,0.33,1.0,1.0,1.0,0.0
19.0,9.0,2.11,3888.0,1738.4,2.24,1.0,4.4,0.23,1,5,0.2,1.0,1.78,0.56,0.0
1.0,16.0,0.06,180.0,2700.0,0.07,1.0,7.0,0.14,1,1,1.0,1.0,1.0,1.0,0.0
9.0,17.0,0.53,1176.0,3240.0,0.36,4.0,8.0,0.5,1,1,1.0,1.0,1.0,1.0,0.0
18.0,6.0,3.0,5040.0,576.0,8.75,8.0,3.0,2.67,1,1,1.0,1.0,1.8399999999999999,0.54,1.0
8.0,5.0,1.6,840.0,378.0,2.22,4.0,3.0,1.33,1,1,1.0,1.0,1.0,1.0,1.0
16.0,15.4,1.04,3600.0,4166.4,0.86,7.0,7.0,1.0,1,5,0.2,1.0,1.0,1.0,0.0
4.0,11.0,0.36,400.0,1921.33,0.21,2.0,5.0,0.4,1,6,0.17,1.0,2.0700000000000003,0.48,0.0
8.0,20.0,0.4,1260.0,8640.0,0.15,4.0,9.0,0.44,1,1,1.0,1.0,1.92,0.52,0.0
1.0,7.43,0.13,180.0,1689.57,0.11,1.0,3.71,0.27,1,7,0.14,1.0,1.0,1.0,0.0
2.0,9.0,0.22,240.0,980.0,0.24,1.0,4.0,0.25,1,1,1.0,1.0,1.0,1.0,0.0
20.0,20.0,1.0,4536.0,5184.0,0.88,1.0,1.0,1.0,1,1,1.0,1.0,1.0,1.0,1.0
14.0,10.67,1.31,2240.0,2200.67,1.02,6.0,5.0,1.2,1,3,0.33,1.0,1.0,1.0,0.0
8.0,13.0,0.62,875.0,1792.0,0.49,4.0,6.0,0.67,1,1,1.0,1.0,1.0,1.0,0.0
6.0,2.0,3.0,700.0,240.0,2.92,3.0,1.0,3.0,1,1,1.0,1.0,1.0,1.0,1.0
10.0,8.0,1.25,1225.0,756.0,1.62,1.0,4.0,0.25,1,1,1.0,1.0,1.0,1.0,1.0
11.0,11.0,1.0,2160.0,2100.0,1.03,5.0,5.0,1.0,1,1,1.0,1.0,1.0,1.0,1.0
13.0,9.0,1.44,1920.0,896.0,2.14,6.0,4.0,1.5,1,1,1.0,1.0,1.0,1.0,1.0
11.75,6.5,1.81,1884.0,906.0,2.08,5.0,3.0,1.67,4,2,2.0,1.8900000000000001,1.0,1.89,1.0
10.38,4.5,2.31,1595.25,568.0,2.81,4.88,2.5,1.95,8,2,4.0,1.0,1.0,1.0,1.0
4.0,12.75,0.31,336.0,2566.12,0.13,1.0,6.0,0.17,1,8,0.12,1.0,1.0,1.0,0.0
5.0,3.0,1.67,648.0,360.0,1.8,3.0,2.0,1.5,1,1,1.0,1.0,1.8900000000000001,0.53,1.0
15.0,18.0,0.83,2592.0,4608.0,0.56,7.0,8.0,0.88,1,1,1.0,1.0,1.77,0.56,1.0
13.29,11.5,1.16,2651.57,2075.0,1.28,6.14,5.12,1.2,7,8,0.88,1.0,1.0,1.0,1.0
16.0,13.0,1.23,2592.0,1890.0,1.37,7.0,6.0,1.17,1,1,1.0,1.0,1.0,1.0,1.0
4.0,19.5,0.21,375.0,6104.0,0.06,1.0,9.0,0.11,1,2,0.5,1.0,1.8399999999999999,0.54,0.0
20.0,12.67,1.58,8064.0,2176.0,3.71,9.0,5.67,1.59,1,3,0.33,1.92,1.0,1.92,1.0
15.0,1.0,15.0,2520.0,192.0,13.12,7.0,1.0,7.0,1,1,1.0,1.0,1.0,1.0,1.0
14.0,7.5,1.87,2304.0,1431.0,1.61,1.0,3.75,0.27,1,4,0.25,1.0,1.0,1.0,0.0
7.0,14.0,0.5,840.0,2880.0,0.29,4.0,6.0,0.67,1,1,1.0,1.0,1.0,1.0,0.0
7.0,13.86,0.51,700.0,2604.0,0.27,4.0,6.29,0.64,1,7,0.14,1.0,1.0,1.0,0.0
11.0,17.0,0.65,1470.0,3584.0,0.41,5.0,1.0,5.0,1,1,1.0,1.8399999999999999,1.0,1.84,1.0
15.0,10.38,1.45,3005.33,1640.0,1.83,6.67,4.75,1.4,3,8,0.38,1.0,2.19,0.46,0.0
5.67,12.0,0.47,611.0,2617.33,0.23,1.0,5.67,0.18,3,3,1.0,1.0,1.0,1.0,0.0
15.0,14.0,1.07,3200.0,3285.33,0.97,7.0,6.67,1.05,1,3,0.33,1.0,1.0,1.0,0.0
11.0,10.67,1.03,1400.0,1811.0,0.77,5.0,4.67,1.07,1,6,0.17,1.0,1.0,1.0,0.0
7.0,1.0,7.0,630.0,180.0,3.5,4.0,1.0,4.0,1,1,1.0,1.0,1.0,1.0,1.0
9.0,13.0,0.69,1440.0,3024.0,0.48,4.0,6.0,0.67,1,1,1.0,1.0,1.0,1.0,0.0
17.0,7.38,2.3,3528.0,1034.25,3.41,1.0,3.62,0.28,1,8,0.12,1.0,1.78,0.56,0.0
6.4,13.5,0.47,762.0,3531.75,0.22,3.4,6.0,0.57,5,4,1.25,2.09,1.92,1.09,0.0
15.0,15.0,1.0,3250.0,2430.0,1.34,7.0,7.0,1.0,1,1,1.0,1.8900000000000001,1.0,1.89,0.0
1.0,2.0,0.5,180.0,240.0,0.75,1.0,1.0,1.0,1,1,1.0,1.0,1.0,1.0,0.0
11.0,20.0,0.55,1440.0,3780.0,0.38,5.0,1.0,5.0,1,1,1.0,1.0,1.0,1.0,0.0
10.5,9.0,1.17,1639.62,800.0,2.05,1.0,1.0,1.0,8,1,8.0,1.0,1.0,1.0,1.0
8.0,16.0,0.5,720.0,4032.0,0.18,4.0,7.0,0.57,1,1,1.0,1.0,1.0,1.0,0.0
17.0,12.12,1.4,3528.0,2257.0,1.56,8.0,5.5,1.45,1,8,0.12,1.0,2.15,0.47,0.0
20.0,13.0,1.54,4704.0,1800.0,2.61,9.0,1.0,9.0,1,1,1.0,1.92,1.0,1.92,1.0
9.0,19.0,0.47,980.0,5544.0,0.18,4.0,9.0,0.44,1,1,1.0,1.0,1.0,1.0,0.0
12.0,5.0,2.4,2219.12,441.33,5.03,5.5,1.0,5.5,8,3,2.67,1.8399999999999999,1.0,1.84,1.0
6.0,11.25,0.53,720.0,2500.75,0.29,3.0,5.38,0.56,1,8,0.12,1.0,2.2199999999999998,0.45,0.0
18.0,9.0,2.0,3888.0,1504.0,2.59,8.0,4.5,1.78,1,2,0.5,1.0,1.0,1.0,0.0
6.33,3.5,1.81,968.0,330.0,2.93,3.17,1.0,3.17,6,2,3.0,1.0,1.0,1.0,1.0
17.0,10.0,1.7,2880.0,1440.0,2.0,8.0,4.0,2.0,1,1,1.0,1.0,1.0,1.0,1.0
14.0,2.0,7.0,2240.0,216.0,10.37,1.0,1.0,1.0,1,1,1.0,1.0,1.0,1.0,1.0
9.0,11.75,0.77,900.0,2267.62,0.4,4.0,5.38,0.74,1,8,0.12,1.0,1.78,0.56,0.0
10.8,5.0,2.16,2257.8,450.0,5.02,5.2,3.0,1.73,5,1,5.0,1.9,1.0,1.9,1.0
15.0,7.0,2.14,3456.0,672.0,5.14,7.0,4.0,1.75,1,1,1.0,1.0,1.0,1.0,1.0
5.0,8.0,0.62,420.0,900.0,0.47,3.0,4.0,0.75,1,1,1.0,1.0,1.0,1.0,0.0
12.0,15.0,0.8,1440.0,2592.0,0.56,5.0,1.0,5.0,1,1,1.0,1.0,1.0,1.0,0.0
7.0,15.57,0.45,630.0,3315.86,0.19,4.0,7.14,0.56,1,7,0.14,1.0,1.0,1.0,0.0
12.0,6.0,2.0,1750.0,540.0,3.24,5.0,1.0,5.0,1,1,1.0,1.0,1.0,1.0,1.0
8.2,6.0,1.37,1290.8,600.0,2.15,4.0,3.0,1.33,5,1,5.0,1.0,1.0,1.0,1.0
7.0,9.0,0.78,640.0,1280.0,0.5,4.0,4.0,1.0,1,1,1.0,1.0,1.0,1.0,0.0
3.0,1.0,3.0,320.0,180.0,1.78,2.0,1.0,2.0,1,1,1.0,1.0,1.0,1.0,1.0
2.0,12.25,0.16,240.0,2366.0,0.1,1.0,6.0,0.17,1,4,0.25,1.0,1.88,0.53,0.0
4.0,11.0,0.36,400.0,1877.0,0.21,2.0,5.0,0.4,1,8,0.12,1.0,2.1799999999999997,0.46,0.0
8.71,10.0,0.87,1150.29,1618.0,0.71,4.43,1.0,4.43,7,5,1.4,1.0,1.0,1.0,1.0
12.0,3.0,4.0,1512.0,288.0,5.25,5.0,1.0,5.0,1,1,1.0,1.0,1.0,1.0,1.0
12.0,16.0,0.75,2100.0,4032.0,0.52,5.0,7.0,0.71,1,1,1.0,1.0,1.0,1.0,0.0
11.0,7.0,1.57,1344.0,720.0,1.87,1.0,4.0,0.25,1,1,1.0,1.0,1.0,1.0,1.0
12.0,14.0,0.86,2016.0,2304.0,0.88,5.0,6.0,0.83,1,1,1.0,1.0,1.0,1.0,1.0
1.0,4.0,0.25,192.0,375.0,0.51,1.0,1.0,1.0,1,1,1.0,1.0,1.0,1.0,0.0
14.0,17.0,0.82,2304.0,3360.0,0.69,6.0,8.0,0.75,1,1,1.0,1.0,1.0,1.0,0.0
5.0,7.0,0.71,450.0,750.0,0.6,1.0,4.0,0.25,1,1,1.0,1.0,1.0,1.0,0.0
13.0,15.0,0.87,2184.0,2688.0,0.81,6.0,7.0,0.86,1,1,1.0,1.8199999999999998,1.0,1.82,1.0
13.0,2.0,6.5,1890.0,216.0,8.75,6.0,1.0,6.0,1,1,1.0,1.0,1.0,1.0,1.0
11.14,10.12,1.1,1964.14,1622.62,1.21,1.0,1.0,1.0,7,8,0.88,1.0,1.78,0.56,0.0
12.0,3.0,4.0,1500.0,300.0,5.0,5.0,2.0,2.5,1,1,1.0,1.0,1.0,1.0,1.0
16.0,10.0,1.6,3024.0,2581.33,1.17,1.0,5.0,0.2,1,3,0.33,1.0,1.0,1.0,0.0
12.5,7.33,1.71,2209.25,1170.0,1.89,1.0,3.67,0.27,8,3,2.67,1.0,1.0,1.0,1.0
10.0,16.0,0.62,1080.0,3860.67,0.28,1.0,7.33,0.14,1,3,0.33,1.0,1.0,1.0,0.0
8.0,10.25,0.78,1050.0,1652.0,0.64,4.0,4.75,0.84,1,4,0.25,1.0,1.94,0.52,0.0
9.5,15.83,0.6,1143.75,3441.0,0.33,1.0,7.17,0.14,4,6,0.67,2.05,1.8900000000000001,1.08,0.0
7.17,13.8,0.52,1095.0,2468.8,0.44,3.33,1.0,3.33,6,5,1.2,2.12,1.94,1.09,0.0
5.0,3.0,1.67,500.0,300.0,1.67,3.0,2.0,1.5,1,1,1.0,1.0,1.0,1.0,1.0
10.5,9.67,1.09,1512.0,1429.33,1.06,1.0,1.0,1.0,2,3,0.67,1.0,1.0,1.0,0.0
11.0,13.14,0.84,2496.0,2701.71,0.92,5.0,6.0,0.83,3,7,0.43,1.0,1.78,0.56,0.0
6.0,15.0,0.4,480.0,3456.0,0.14,1.0,7.0,0.14,1,1,1.0,1.0,1.8199999999999998,0.55,0.0
9.0,12.0,0.75,1344.0,1965.33,0.68,4.0,1.0,4.0,1,6,0.17,1.0,1.0,1.0,0.0
5.75,8.0,0.72,735.0,1256.0,0.59,3.0,3.67,0.82,4,3,1.33,1.0,1.0,1.0,0.0
14.0,8.0,1.75,2400.0,784.0,3.06,6.0,4.0,1.5,1,1,1.0,1.8199999999999998,1.0,1.82,1.0
11.0,15.0,0.73,1800.0,1920.0,0.94,5.0,1.0,5.0,1,1,1.0,1.0,1.0,1.0,1.0
9.0,8.0,1.12,1054.0,804.0,1.31,1.0,1.0,1.0,6,2,3.0,1.0,1.0,1.0,1.0
17.0,1.0,17.0,4320.0,192.0,22.5,8.0,1.0,8.0,1,1,1.0,1.0,1.0,1.0,1.0
11.67,11.5,1.01,1848.33,2312.0,0.8,5.33,1.0,5.33,6,2,3.0,1.0,1.0,1.0,1.0
8.0,8.33,0.96,672.0,1535.33,0.44,1.0,3.83,0.26,1,6,0.17,1.0,1.78,0.56,0.0
15.0,9.0,1.67,2646.0,1152.0,2.3,7.0,4.0,1.75,1,1,1.0,1.0,1.0,1.0,1.0
9.0,8.0,1.12,1050.0,840.0,1.25,4.0,4.0,1.0,1,1,1.0,1.0,1.0,1.0,1.0
1.0,12.5,0.08,180.0,2712.5,0.07,1.0,5.88,0.17,1,8,0.12,1.0,1.0,1.0,0.0
15.0,17.0,0.88,3360.0,4608.0,0.73,7.0,8.0,0.88,1,1,1.0,1.0,1.0,1.0,0.0
9.0,15.5,0.58,960.0,4770.0,0.2,1.0,7.0,0.14,1,2,0.5,1.0,1.0,1.0,0.0
14.0,8.0,1.75,2880.0,1260.0,2.29,6.0,4.0,1.5,1,1,1.0,1.0,1.0,1.0,1.0
17.0,10.0,1.7,3888.0,1008.0,3.86,8.0,4.0,2.0,1,1,1.0,1.0,1.8900000000000001,0.53,0.0
1.0,2.0,0.5,180.0,240.0,0.75,1.0,1.0,1.0,1,1,1.0,1.0,1.0,1.0,0.0
15.0,17.0,0.88,2240.0,3840.0,0.58,7.0,8.0,0.88,1,1,1.0,1.0,1.0,1.0,0.0
13.0,9.0,1.44,1800.0,960.0,1.88,1.0,4.0,0.25,1,1,1.0,1.0,1.0,1.0,0.0
1.0,8.0,0.12,192.0,864.0,0.22,1.0,4.0,0.25,1,1,1.0,1.0,1.0,1.0,0.0
10.0,8.67,1.15,1728.0,1266.83,1.36,4.0,1.0,4.0,1,6,0.17,1.0,1.8199999999999998,0.55,0.0
15.0,18.0,0.83,2646.0,3888.0,0.68,1.0,8.0,0.12,1,1,1.0,1.0,1.0,1.0,0.0
8.0,15.0,0.53,840.0,3024.0,0.28,4.0,7.0,0.57,1,1,1.0,1.8900000000000001,1.0,1.89,1.0
10.0,10.33,0.97,972.0,1456.0,0.67,1.0,1.0,1.0,1,3,0.33,1.0,1.8399999999999999,0.54,0.0
19.0,1.0,19.0,3640.0,180.0,20.22,9.0,1.0,9.0,1,1,1.0,1.8,1.0,1.8,1.0
20.0,11.33,1.77,4608.0,2606.67,1.77,9.0,5.17,1.74,1,6,0.17,1.0,1.0,1.0,0.0
17.0,8.0,2.12,3150.0,900.0,3.5,8.0,4.0,2.0,1,1,1.0,1.0,1.0,1.0,1.0
9.0,14.0,0.64,1200.0,2016.0,0.6,4.0,6.0,0.67,1,1,1.0,1.0,1.0,1.0,0.0
12.0,11.38,1.05,1664.0,2021.12,0.82,5.0,1.0,5.0,1,8,0.12,1.0,1.0,1.0,0.0
19.0,15.0,1.27,6048.0,3640.0,1.66,9.0,7.0,1.29,1,1,1.0,1.0,1.0,1.0,1.0
10.0,19.0,0.53,2240.0,4480.0,0.5,4.0,9.0,0.44,1,1,1.0,1.0,1.0,1.0,0.0
8.0,1.0,8.0,900.0,162.0,5.56,4.0,1.0,4.0,1,1,1.0,1.0,1.0,1.0,1.0
12.5,19.0,0.66,2400.0,4000.0,0.6,5.5,9.0,0.61,2,1,2.0,1.0,1.0,1.0,0.0
8.4,7.33,1.15,1207.0,1420.0,0.85,4.0,3.67,1.09,5,3,1.67,1.0,1.0,1.0,1.0
5.0,20.0,0.25,432.0,3960.0,0.11,3.0,9.0,0.33,1,1,1.0,1.0,1.0,1.0,0.0
9.0,11.33,0.79,1321.2,2267.0,0.58,4.0,5.5,0.73,5,6,0.83,2.05,1.87,1.1,0.0
13.0,5.0,2.6,2400.0,420.0,5.71,6.0,3.0,2.0,1,1,1.0,1.0,1.0,1.0,1.0
13.0,6.62,1.96,1890.0,1176.25,1.61,6.0,3.38,1.78,1,8,0.12,1.0,1.0,1.0,0.0
8.0,1.0,8.0,980.0,180.0,5.44,4.0,1.0,4.0,1,1,1.0,1.0,1.8399999999999999,0.54,1.0
19.0,14.75,1.29,5400.0,2787.0,1.94,9.0,1.0,9.0,1,4,0.25,1.0,1.0,1.0,0.0
6.33,9.5,0.67,711.67,1185.67,0.6,3.33,1.0,3.33,3,6,0.5,1.0,1.78,0.56,0.0
11.0,11.0,1.0,1280.0,2268.0,0.56,1.0,5.33,0.19,1,3,0.33,1.0,2.3200000000000003,0.43,0.0
6.0,8.0,0.75,720.0,720.0,1.0,3.0,4.0,0.75,1,1,1.0,1.9,1.0,1.9,0.0
6.0,8.8,0.68,504.0,1204.0,0.42,1.0,1.0,1.0,1,5,0.2,1.0,1.87,0.53,0.0
18.0,13.0,1.38,4032.0,2520.0,1.6,1.0,6.0,0.17,1,1,1.0,1.0,1.0,1.0,0.0
11.0,14.0,0.79,2220.0,2016.0,1.1,5.5,6.0,0.92,2,1,2.0,1.9,1.0,1.9,1.0
4.83,12.71,0.38,490.0,2845.71,0.17,2.5,5.86,0.43,6,7,0.86,1.0,1.92,0.52,0.0
15.0,14.0,1.07,2970.0,2940.0,1.01,7.0,6.0,1.17,1,1,1.0,1.0,1.0,1.0,1.0
9.5,10.0,0.95,1140.0,2104.5,0.54,4.5,4.75,0.95,2,4,0.5,1.0,1.9,0.53,0.0
14.0,16.0,0.88,2160.0,3024.0,0.71,1.0,1.0,1.0,1,1,1.0,1.0,1.0,1.0,0.0
12.0,10.8,1.11,1728.0,1739.2,0.99,5.0,1.0,5.0,1,5,0.2,1.0,1.8900000000000001,0.53,0.0
8.0,9.0,0.89,1215.14,1577.67,0.77,3.86,4.33,0.89,7,3,2.33,1.0,1.0,1.0,1.0
19.0,6.0,3.17,5280.0,540.0,9.78,9.0,1.0,9.0,1,1,1.0,1.0,1.0,1.0,1.0
8.0,17.0,0.47,900.0,3240.0,0.28,1.0,8.0,0.12,1,1,1.0,1.0,1.0,1.0,0.0
3.0,1.0,3.0,360.0,180.0,2.0,2.0,1.0,2.0,1,1,1.0,1.0,1.0,1.0,1.0
1.0,13.0,0.08,180.0,1728.0,0.1,1.0,1.0,1.0,1,1,1.0,1.0,1.0,1.0,0.0
9.0,4.0,2.25,896.0,400.0,2.24,1.0,1.0,1.0,1,1,1.0,1.0,1.77,0.56,1.0
7.0,8.5,0.82,720.0,1032.25,0.7,4.0,4.0,1.0,1,4,0.25,1.0,1.0,1.0,0.0
15.0,20.0,0.75,2112.0,6480.0,0.33,1.0,9.0,0.11,1,1,1.0,1.0,1.0,1.0,0.0
18.0,17.0,1.06,5376.0,3234.0,1.66,8.0,1.0,8.0,1,1,1.0,1.0,1.0,1.0,1.0
14.0,11.71,1.2,2240.0,1906.57,1.17,6.0,1.0,6.0,1,7,0.14,1.0,1.0,1.0,0.0
3.0,11.29,0.27,360.0,2103.71,0.17,2.0,5.29,0.38,1,7,0.14,1.0,2.2,0.45,0.0
20.0,12.33,1.62,6336.0,2182.0,2.9,9.0,5.5,1.64,1,6,0.17,1.0,1.0,1.0,0.0
4.0,9.29,0.43,394.67,1397.0,0.28,1.0,4.43,0.23,3,7,0.43,1.0,1.8,0.56,0.0
9.0,9.75,0.92,1733.0,1592.0,1.09,4.29,1.0,4.29,7,4,1.75,1.0,1.0,1.0,1.0
1.0,17.0,0.06,162.0,3240.0,0.05,1.0,1.0,1.0,1,1,1.0,1.0,1.0,1.0,0.0
16.0,11.0,1.45,2700.0,1440.0,1.88,7.0,5.0,1.4,1,1,1.0,1.0,1.0,1.0,0.0
7.0,16.0,0.44,868.0,4207.0,0.21,3.67,7.0,0.52,3,2,1.5,1.0,1.0,1.0,0.0
7.75,14.5,0.53,1036.25,2186.0,0.47,3.5,6.5,0.54,4,2,2.0,1.0,1.0,1.0,1.0
3.0,4.0,0.75,300.0,360.0,0.83,1.0,1.0,1.0,1,1,1.0,1.0,1.0,1.0,0.0
13.62,8.33,1.64,2723.25,1445.0,1.88,6.25,1.0,6.25,8,6,1.33,1.0,1.0,1.0,1.0
10.88,9.62,1.13,2536.5,1508.0,1.68,5.0,4.38,1.14,8,8,1.0,2.21,1.78,1.24,1.0
18.0,10.8,1.67,4032.0,2448.0,1.65,8.0,4.8,1.67,1,5,0.2,1.0,1.0,1.0,0.0
3.0,2.0,1.5,288.0,240.0,1.2,2.0,1.0,2.0,1,1,1.0,1.76,1.92,0.92,0.0
1.0,9.0,0.11,180.0,1528.0,0.12,1.0,1.0,1.0,1,5,0.2,1.0,1.92,0.52,0.0
13.0,10.12,1.28,2160.5,1962.12,1.1,5.83,4.62,1.26,6,8,0.75,1.0,1.8399999999999999,0.54,0.0
13.0,8.0,1.62,1920.0,720.0,2.67,6.0,4.0,1.5,1,1,1.0,1.0,1.8900000000000001,0.53,0.0
12.0,14.0,0.86,1728.0,2835.0,0.61,1.0,6.0,0.17,1,1,1.0,1.0,1.0,1.0,1.0
15.0,8.4,1.79,2772.0,1509.0,1.84,7.0,4.0,1.75,1,5,0.2,1.0,1.8199999999999998,0.55,0.0
11.12,14.38,0.77,1933.25,3342.25,0.58,5.12,6.5,0.79,8,8,1.0,2.21,2.21,1.0,0.0
7.8,9.62,0.81,1135.6,1435.5,0.79,3.8,4.5,0.84,5,8,0.62,1.8399999999999999,1.0,1.84,0.0
20.0,9.25,2.16,8640.0,1599.0,5.4,9.0,4.75,1.89,1,4,0.25,1.0,1.78,0.56,1.0
15.0,16.0,0.94,3360.0,3072.0,1.09,7.0,1.0,7.0,1,1,1.0,1.0,1.0,1.0,0.0
13.0,9.0,1.44,1890.0,1080.0,1.75,1.0,4.0,0.25,1,1,1.0,1.0,1.0,1.0,1.0
15.0,14.0,1.07,2646.0,1848.0,1.43,1.0,1.0,1.0,1,1,1.0,1.0,1.0,1.0,1.0
13.6,11.5,1.18,2574.4,2065.0,1.25,6.0,5.25,1.14,5,4,1.25,1.0,1.78,0.56,1.0
10.0,4.0,2.5,1344.0,360.0,3.73,4.0,2.0,2.0,1,1,1.0,1.0,1.87,0.53,1.0
7.75,6.0,1.29,1005.0,732.5,1.37,4.0,1.0,4.0,4,2,2.0,1.0,1.0,1.0,1.0
13.5,13.0,1.04,2292.0,2309.6,0.99,6.0,1.0,6.0,2,5,0.4,1.0,1.78,0.56,0.0
1.0,15.0,0.07,180.0,2430.0,0.07,1.0,1.0,1.0,1,1,1.0,1.0,1.0,1.0,0.0
10.0,13.5,0.74,1341.67,3183.67,0.42,4.33,6.17,0.7,3,6,0.5,1.0,1.0,1.0,0.0
13.0,7.0,1.86,2730.38,995.86,2.74,6.12,3.43,1.78,8,7,1.14,1.8,1.0,1.8,1.0
9.5,13.0,0.73,1200.0,1764.0,0.68,4.5,6.0,0.75,2,1,2.0,1.0,1.0,1.0,1.0
8.62,15.0,0.57,1653.12,2970.0,0.56,4.25,7.0,0.61,8,1,8.0,1.0,1.0,1.0,1.0
4.0,12.0,0.33,448.0,1944.0,0.23,2.0,5.0,0.4,1,1,1.0,1.92,1.0,1.92,0.0
9.0,13.14,0.68,1176.0,2102.86,0.56,4.0,1.0,4.0,1,7,0.14,1.0,1.0,1.0,0.0
17.0,13.0,1.31,4410.0,2646.0,1.67,8.0,6.0,1.33,1,1,1.0,1.0,1.78,0.56,1.0
8.0,9.0,0.89,1152.0,960.0,1.2,4.0,4.0,1.0,1,1,1.0,1.0,1.0,1.0,0.0
14.5,16.0,0.91,2892.0,3840.0,0.75,1.0,7.0,0.14,2,1,2.0,1.0,1.0,1.0,1.0
6.0,6.0,1.0,560.0,600.0,0.93,3.0,3.0,1.0,1,1,1.0,1.0,1.0,1.0,1.0
17.0,2.0,8.5,3168.0,225.0,14.08,1.0,1.0,1.0,1,1,1.0,1.0,1.0,1.0,1.0
9.0,15.0,0.6,1200.0,2250.0,0.53,4.0,7.0,0.57,1,1,1.0,1.78,1.0,1.78,0.0
10.33,5.0,2.07,1914.67,384.0,4.99,4.83,3.0,1.61,6,1,6.0,1.0,1.0,1.0,1.0
5.0,9.0,0.56,450.0,1296.0,0.35,3.0,4.0,0.75,1,1,1.0,1.0,1.0,1.0,0.0
15.0,11.0,1.36,3584.0,1728.0,2.07,7.0,5.0,1.4,1,1,1.0,1.0,1.0,1.0,1.0
7.0,15.0,0.47,720.0,2450.0,0.29,1.0,7.0,0.14,1,1,1.0,1.0,1.0,1.0,0.0
7.0,2.0,3.5,700.0,240.0,2.92,1.0,1.0,1.0,1,1,1.0,1.0,1.0,1.0,1.0
11.0,20.0,0.55,1350.0,5070.0,0.27,1.0,9.0,0.11,1,1,1.0,1.0,1.0,1.0,0.0
4.0,12.0,0.33,315.0,2205.0,0.14,2.0,5.0,0.4,1,1,1.0,1.8199999999999998,1.0,1.82,0.0
12.0,9.0,1.33,2268.0,1575.0,1.44,5.0,4.0,1.25,1,1,1.0,1.0,1.0,1.0,0.0
12.2,11.62,1.05,2086.0,2164.12,0.96,5.6,5.38,1.04,5,8,0.62,1.0,1.0,1.0,0.0
11.0,11.25,0.98,1250.0,1770.38,0.71,5.0,1.0,5.0,1,8,0.12,1.0,1.92,0.52,0.0
7.0,10.0,0.7,700.0,1008.0,0.69,4.0,4.0,1.0,1,1,1.0,1.0,1.0,1.0,0.0
14.0,13.0,1.08,1960.0,2016.0,0.97,1.0,6.0,0.17,1,1,1.0,1.0,1.0,1.0,0.0
14.0,13.5,1.04,2205.0,2997.0,0.74,6.0,6.0,1.0,1,2,0.5,1.77,1.0,1.77,0.0
12.0,14.33,0.84,1696.67,2905.0,0.58,5.67,6.5,0.87,3,6,0.5,1.8199999999999998,1.0,1.82,0.0
19.0,14.0,1.36,4032.0,2268.0,1.78,1.0,6.0,0.17,1,1,1.0,1.0,1.0,1.0,0.0
7.0,6.0,1.17,852.0,695.0,1.23,3.33,1.0,3.33,3,4,0.75,1.0,1.0,1.0,0.0
11.0,4.0,2.75,2016.0,375.0,5.38,5.0,1.0,5.0,1,1,1.0,1.0,1.0,1.0,1.0
9.0,10.4,0.87,882.0,1407.8,0.63,4.0,1.0,4.0,1,5,0.2,1.0,1.0,1.0,0.0
8.5,9.4,0.9,1845.0,1361.0,1.36,4.0,1.0,4.0,4,5,0.8,1.0,1.0,1.0,1.0
18.0,11.33,1.59,3969.0,1994.67,1.99,8.0,5.33,1.5,1,3,0.33,1.0,1.0,1.0,0.0
16.0,12.0,1.33,2700.0,1963.5,1.38,1.0,5.75,0.17,1,4,0.25,1.9,1.0,1.9,0.0
5.0,13.5,0.37,720.0,2246.0,0.32,3.0,6.0,0.5,1,2,0.5,1.0,1.0,1.0,0.0
11.67,15.0,0.78,2069.33,3556.0,0.58,5.33,7.0,0.76,6,3,2.0,1.94,1.0,1.94,1.0
16.75,6.5,2.58,4044.0,865.25,4.67,7.75,3.0,2.58,4,4,1.0,1.0,1.0,1.0,1.0
3.0,5.5,0.55,320.0,768.75,0.42,1.0,2.75,0.36,1,4,0.25,1.97,1.0,1.97,0.0
18.0,10.0,1.8,5103.0,1512.0,3.38,8.0,4.0,2.0,1,1,1.0,1.0,1.0,1.0,1.0
11.2,10.0,1.12,2471.2,2117.83,1.17,5.2,4.5,1.16,5,6,0.83,1.0,1.0,1.0,1.0
6.0,13.0,0.46,700.0,1750.0,0.4,3.0,6.0,0.5,1,1,1.0,1.0,1.0,1.0,0.0
14.0,10.0,1.4,1728.0,1125.0,1.54,1.0,4.0,0.25,1,1,1.0,1.0,1.0,1.0,0.0
14.0,19.0,0.74,2880.0,6600.0,0.44,6.0,9.0,0.67,1,1,1.0,1.0,1.0,1.0,0.0
3.0,15.33,0.2,252.0,2738.67,0.09,1.0,1.0,1.0,1,6,0.17,1.0,1.0,1.0,0.0
16.0,6.0,2.67,2940.0,1024.0,2.87,1.0,3.0,0.33,1,3,0.33,1.0,1.0,1.0,0.0
17.0,11.17,1.52,2880.0,1721.33,1.67,1.0,1.0,1.0,1,6,0.17,1.0,1.0,1.0,0.0
12.0,9.0,1.33,2016.0,882.0,2.29,5.0,4.0,1.25,1,1,1.0,1.0,1.0,1.0,1.0
3.0,16.0,0.19,384.0,3600.0,0.11,2.0,7.0,0.29,1,1,1.0,1.0,1.0,1.0,0.0
12.0,13.0,0.92,1620.0,2016.0,0.8,5.0,1.0,5.0,1,1,1.0,1.0,1.0,1.0,1.0
4.0,10.0,0.4,400.0,1225.0,0.33,1.0,1.0,1.0,1,1,1.0,1.0,1.0,1.0,0.0
19.0,7.0,2.71,4480.0,720.0,6.22,9.0,4.0,2.25,1,1,1.0,1.0,1.0,1.0,1.0
14.0,9.0,1.56,4032.0,750.0,5.38,6.0,4.0,1.5,1,1,1.0,1.0,1.0,1.0,1.0
17.0,20.0,0.85,3150.0,4536.0,0.69,1.0,9.0,0.11,1,1,1.0,1.0,1.0,1.0,0.0
16.0,11.83,1.35,2880.0,2458.67,1.17,7.0,1.0,7.0,1,6,0.17,1.0,2.12,0.47,0.0
6.4,12.2,0.52,996.0,2357.6,0.42,1.0,5.6,0.18,5,5,1.0,1.0,1.0,1.0,0.0
20.0,13.6,1.47,4356.0,2523.2,1.73,1.0,6.2,0.16,1,5,0.2,1.0,1.0,1.0,0.0
3.0,6.0,0.5,252.0,600.0,0.42,2.0,1.0,2.0,1,1,1.0,1.0,1.0,1.0,0.0
17.0,19.0,0.89,3456.0,4320.0,0.8,1.0,9.0,0.11,1,1,1.0,1.0,1.0,1.0,0.0
19.0,8.75,2.17,5390.0,1588.0,3.39,9.0,4.25,2.12,1,4,0.25,1.0,1.0,1.0,0.0
9.62,12.33,0.78,1281.75,2573.67,0.5,1.0,5.67,0.18,8,6,1.33,1.97,2.09,0.94,0.0
15.0,10.0,1.5,3154.0,1691.2,1.86,1.0,4.6,0.22,4,5,0.8,1.0,1.0,1.0,0.0
2.0,14.0,0.14,240.0,3780.0,0.06,1.0,6.0,0.17,1,1,1.0,1.0,1.0,1.0,0.0
11.0,9.0,1.22,1800.0,1704.0,1.06,5.0,4.33,1.15,1,3,0.33,1.0,1.94,0.52,0.0
5.0,11.71,0.43,652.0,1958.57,0.33,2.6,1.0,2.6,5,7,0.71,1.0,1.92,0.52,0.0
20.0,13.0,1.54,4800.0,1458.0,3.29,1.0,6.0,0.17,1,1,1.0,1.0,1.0,1.0,0.0
6.0,7.67,0.78,540.0,802.67,0.67,1.0,1.0,1.0,1,3,0.33,1.0,1.0,1.0,0.0
19.0,10.86,1.75,4410.0,1644.57,2.68,1.0,1.0,1.0,1,7,0.14,1.0,1.92,0.52,0.0
11.0,15.0,0.73,1512.0,3150.0,0.48,5.0,7.0,0.71,1,1,1.0,1.0,1.0,1.0,0.0
10.12,10.8,0.94,1694.25,2421.6,0.7,1.0,4.8,0.21,8,5,1.6,1.0,1.92,0.52,1.0
2.0,17.0,0.12,216.0,3780.0,0.06,1.0,8.0,0.12,1,1,1.0,1.8399999999999999,1.0,1.84,0.0
13.0,15.33,0.85,2427.33,4236.0,0.57,1.0,7.0,0.14,3,3,1.0,1.0,1.0,1.0,0.0
14.0,10.0,1.4,2352.0,945.0,2.49,6.0,1.0,6.0,1,1,1.0,1.0,1.0,1.0,1.0
19.0,11.0,1.73,4480.0,1680.0,2.67,1.0,5.0,0.2,1,1,1.0,1.0,1.0,1.0,1.0
18.0,13.0,1.38,3024.0,1800.0,1.68,1.0,6.0,0.17,1,1,1.0,1.0,1.0,1.0,0.0
12.5,6.83,1.83,1855.0,858.0,2.16,6.0,3.33,1.8,2,6,0.33,1.0,1.77,0.56,0.0
7.0,11.83,0.59,672.0,2282.67,0.29,1.0,5.83,0.17,1,6,0.17,1.0,1.8199999999999998,0.55,0.0
9.43,10.0,0.94,1421.0,1440.0,0.99,4.43,4.0,1.11,7,1,7.0,1.8,1.0,1.8,1.0
2.0,15.0,0.13,240.0,2940.0,0.08,1.0,7.0,0.14,1,1,1.0,1.0,1.0,1.0,0.0
7.0,13.33,0.53,1152.0,2848.0,0.4,4.0,6.0,0.67,1,3,0.33,1.0,1.9,0.53,0.0
16.0,13.5,1.19,3360.0,2340.0,1.44,7.0,6.0,1.17,1,2,0.5,1.8,1.0,1.8,1.0
17.0,13.0,1.31,3150.0,2058.0,1.53,8.0,1.0,8.0,1,1,1.0,1.97,1.0,1.97,1.0
9.0,1.0,9.0,882.0,192.0,4.59,1.0,1.0,1.0,1,1,1.0,1.76,1.0,1.76,1.0
11.0,7.0,1.57,1400.0,900.0,1.56,1.0,4.0,0.25,1,1,1.0,1.0,1.0,1.0,0.0
7.0,10.0,0.7,840.0,1125.0,0.75,4.0,1.0,4.0,1,1,1.0,1.0,1.0,1.0,1.0
9.0,11.6,0.78,980.0,2047.6,0.48,1.0,5.4,0.19,1,5,0.2,1.0,1.0,1.0,0.0
9.0,7.0,1.29,1050.0,700.0,1.5,4.0,1.0,4.0,1,1,1.0,1.0,1.0,1.0,1.0
12.12,10.0,1.21,2428.0,1680.0,1.45,5.5,4.5,1.22,8,2,4.0,1.92,1.0,1.92,1.0
1.0,8.0,0.12,180.0,1181.83,0.15,1.0,3.83,0.26,1,6,0.17,1.0,1.92,0.52,0.0
8.0,10.2,0.78,1152.0,1930.4,0.6,4.0,5.0,0.8,1,5,0.2,1.0,1.92,0.52,0.0
19.0,6.0,3.17,5616.0,576.0,9.75,9.0,3.0,3.0,1,1,1.0,1.0,1.0,1.0,1.0
20.0,18.0,1.11,4536.0,4800.0,0.94,9.0,8.0,1.12,1,1,1.0,1.0,1.0,1.0,1.0
11.43,11.2,1.02,2069.0,1848.4,1.12,5.29,5.4,0.98,7,5,1.4,1.0,1.94,0.52,1.0
11.5,8.25,1.39,1822.0,1469.25,1.24,5.5,1.0,5.5,2,4,0.5,1.0,1.87,0.53,0.0