lv1,lv2,lvrel,att1,att2,attrel,tech1,tech2,techrel,n1,n2,nrel,y
10.0,10.67,0.94,1260.0,1566.0,0.8,4.0,1.0,4.0,1,6,0.17,0.0
9.0,18.0,0.5,1280.0,3840.0,0.33,4.0,8.0,0.5,1,1,1.0,0.0
18.0,7.0,2.57,4860.0,672.0,7.23,8.0,4.0,2.0,1,1,1.0,1.0
16.0,14.0,1.14,2940.0,2880.0,1.02,1.0,6.0,0.17,1,1,1.0,0.0
5.0,3.0,1.67,480.0,288.0,1.67,1.0,2.0,0.5,1,1,1.0,1.0
11.2,9.57,1.17,1862.0,1191.71,1.56,5.2,1.0,5.2,5,7,0.71,1.0
1.0,9.67,0.1,162.0,2529.33,0.06,1.0,4.5,0.22,1,6,0.17,0.0
13.0,14.0,0.93,2160.0,2352.0,0.92,6.0,6.0,1.0,1,1,1.0,1.0
6.86,12.33,0.56,857.43,2360.0,0.36,3.43,5.33,0.64,7,3,2.33,1.0
14.0,16.0,0.88,1800.0,3360.0,0.54,6.0,7.0,0.86,1,1,1.0,0.0
16.33,7.8,2.09,3252.67,1418.0,2.29,7.33,1.0,7.33,3,5,0.6,1.0
8.0,3.0,2.67,980.0,288.0,3.4,4.0,1.0,4.0,1,1,1.0,1.0
20.0,7.67,2.61,5120.0,1520.33,3.37,1.0,3.67,0.27,1,3,0.33,0.0
10.0,10.0,1.0,1120.0,1570.0,0.71,4.0,4.67,0.86,1,3,0.33,0.0
18.0,13.0,1.38,4860.0,2058.0,2.36,8.0,6.0,1.33,1,1,1.0,1.0
16.0,11.0,1.45,3072.0,1890.0,1.63,7.0,5.0,1.4,1,1,1.0,1.0
19.0,17.0,1.12,4032.0,3240.0,1.24,9.0,8.0,1.12,1,1,1.0,0.0
12.0,10.88,1.1,3012.2,1673.88,1.8,5.6,5.0,1.12,5,8,0.62,0.0
10.75,12.5,0.86,1629.5,3173.67,0.51,5.25,5.83,0.9,4,6,0.67,0.0
10.0,10.0,1.0,1661.6,1900.0,0.87,4.8,4.67,1.03,5,3,1.67,1.0
20.0,7.0,2.86,4704.0,1008.0,4.67,9.0,4.0,2.25,1,1,1.0,1.0
6.0,7.0,0.86,560.0,672.0,0.83,3.0,4.0,0.75,1,1,1.0,0.0
12.17,11.25,1.08,2332.33,1900.5,1.23,1.0,5.25,0.19,6,4,1.5,1.0
1.0,4.0,0.25,192.0,400.0,0.48,1.0,2.0,0.5,1,1,1.0,0.0
1.0,20.0,0.05,180.0,3840.0,0.05,1.0,1.0,1.0,1,1,1.0,0.0
10.67,13.0,0.82,1942.67,2139.0,0.91,5.0,6.0,0.83,3,4,0.75,0.0
9.0,9.14,0.98,980.0,1397.14,0.7,1.0,4.29,0.23,1,7,0.14,0.0
13.4,8.0,1.68,2465.4,1270.88,1.94,6.2,3.75,1.65,5,8,0.62,1.0
17.0,18.0,0.94,3150.0,3558.0,0.89,1.0,1.0,1.0,1,2,0.5,0.0
10.0,10.62,0.94,1260.0,2534.0,0.5,1.0,5.25,0.19,1,8,0.12,0.0
4.0,20.0,0.2,360.0,6500.0,0.06,1.0,9.0,0.11,1,1,1.0,0.0
8.0,7.0,1.14,875.0,700.0,1.25,4.0,1.0,4.0,1,1,1.0,1.0
8.0,13.0,0.62,1152.0,1560.0,0.74,4.0,6.0,0.67,1,1,1.0,0.0
9.0,18.0,0.5,1008.0,5292.0,0.19,1.0,8.0,0.12,1,1,1.0,0.0
4.0,6.86,0.58,375.0,1104.0,0.34,2.0,3.43,0.58,1,7,0.14,0.0
17.0,19.0,0.89,3150.0,4212.0,0.75,1.0,9.0,0.11,1,1,1.0,0.0
19.0,17.0,1.12,4312.0,3150.0,1.37,9.0,1.0,9.0,1,1,1.0,1.0
2.0,9.0,0.22,240.0,1177.2,0.2,1.0,4.2,0.24,1,5,0.2,0.0
9.86,10.14,0.97,1897.14,1889.43,1.0,4.71,4.71,1.0,7,7,1.0,0.0
6.0,6.0,1.0,560.0,600.0,0.93,3.0,1.0,3.0,1,1,1.0,0.0
6.0,10.0,0.6,822.67,1196.0,0.69,3.0,1.0,3.0,3,3,1.0,0.0
11.43,18.5,0.62,1808.57,4200.0,0.43,1.0,8.5,0.12,7,2,3.5,1.0
10.0,1.0,10.0,1080.0,180.0,6.0,4.0,1.0,4.0,1,1,1.0,1.0
20.0,1.0,20.0,5040.0,192.0,26.25,9.0,1.0,9.0,1,1,1.0,1.0
19.0,10.0,1.9,3250.0,1861.12,1.75,9.0,4.62,1.95,1,8,0.12,0.0
8.75,7.8,1.12,1474.12,1119.2,1.32,4.25,3.4,1.25,8,5,1.6,1.0
11.0,19.0,0.58,1890.0,4050.0,0.47,5.0,9.0,0.56,1,1,1.0,0.0
14.0,11.14,1.26,2570.0,1948.14,1.32,6.67,5.29,1.26,3,7,0.43,0.0
7.0,16.0,0.44,640.0,2560.0,0.25,1.0,7.0,0.14,1,1,1.0,0.0
15.0,4.0,3.75,2520.0,336.0,7.5,7.0,2.0,3.5,1,1,1.0,1.0
3.0,9.0,0.33,300.0,1050.0,0.29,2.0,1.0,2.0,1,1,1.0,0.0
14.0,3.0,4.67,2268.0,270.0,8.4,6.0,2.0,3.0,1,1,1.0,1.0
8.0,3.0,2.67,720.0,315.0,2.29,1.0,2.0,0.5,1,2,0.5,1.0
3.67,15.0,0.24,474.0,3528.0,0.13,2.0,7.0,0.29,3,1,3.0,0.0
8.0,19.0,0.42,875.0,3360.0,0.26,4.0,9.0,0.44,1,1,1.0,0.0
16.0,1.0,16.0,3969.0,180.0,22.05,7.0,1.0,7.0,1,1,1.0,1.0
16.0,1.0,16.0,2700.0,192.0,14.06,1.0,1.0,1.0,1,1,1.0,1.0
9.0,15.0,0.6,1050.0,2268.0,0.46,4.0,7.0,0.57,1,1,1.0,0.0
19.0,20.0,0.95,4224.0,6000.0,0.7,9.0,9.0,1.0,1,1,1.0,0.0
9.33,10.33,0.9,1381.0,1713.33,0.81,4.33,4.67,0.93,6,6,1.0,1.0
14.2,8.4,1.69,3221.6,1265.4,2.55,6.4,4.0,1.6,5,5,1.0,1.0
9.0,12.0,0.75,980.0,1512.0,0.65,1.0,5.0,0.2,1,1,1.0,0.0
10.0,18.0,0.56,1200.0,3300.0,0.36,1.0,8.0,0.12,1,1,1.0,0.0
6.0,3.0,2.0,875.0,320.0,2.73,3.0,2.0,1.5,1,1,1.0,0.0
16.0,10.0,1.6,2520.0,1400.0,1.8,7.0,4.0,1.75,1,1,1.0,1.0
5.0,11.0,0.45,500.0,1260.0,0.4,3.0,5.0,0.6,1,1,1.0,0.0
6.0,3.0,2.0,576.0,300.0,1.92,3.0,2.0,1.5,1,1,1.0,1.0
5.0,12.29,0.41,420.0,2080.86,0.2,3.0,5.71,0.53,1,7,0.14,0.0
5.0,19.0,0.26,450.0,4840.0,0.09,3.0,9.0,0.33,1,1,1.0,0.0
14.0,14.5,0.97,2430.0,2350.0,1.03,6.0,1.0,6.0,1,2,0.5,0.0
1.0,6.0,0.17,180.0,560.0,0.32,1.0,1.0,1.0,1,1,1.0,0.0
5.0,7.0,0.71,450.0,720.0,0.62,1.0,4.0,0.25,1,1,1.0,0.0
5.0,10.71,0.47,480.0,1656.86,0.29,3.0,1.0,3.0,1,7,0.14,0.0
6.14,14.67,0.42,858.86,2776.67,0.31,3.14,1.0,3.14,7,3,2.33,1.0
11.0,14.8,0.74,2179.17,3444.8,0.63,5.33,7.0,0.76,6,5,1.2,0.0
12.0,11.12,1.08,1464.0,2207.5,0.66,5.5,5.12,1.07,2,8,0.25,0.0
10.0,2.0,5.0,1120.0,225.0,4.98,4.0,1.0,4.0,1,1,1.0,1.0
1.0,11.33,0.09,180.0,2019.33,0.09,1.0,5.33,0.19,1,3,0.33,0.0
12.86,10.6,1.21,2523.14,2292.4,1.1,5.86,4.8,1.22,7,5,1.4,1.0
19.0,13.0,1.46,5376.0,2440.0,2.2,9.0,1.0,9.0,1,3,0.33,0.0
9.0,5.0,1.8,800.0,750.0,1.07,1.0,3.0,0.33,1,1,1.0,1.0
3.0,14.0,0.21,300.0,2592.0,0.12,2.0,6.0,0.33,1,1,1.0,0.0
7.0,17.0,0.41,720.0,2940.0,0.24,1.0,8.0,0.12,1,1,1.0,0.0
9.0,8.0,1.12,1400.0,1152.0,1.22,4.0,4.0,1.0,1,1,1.0,0.0
9.5,9.5,1.0,1232.0,1703.0,0.72,1.0,4.5,0.22,4,2,2.0,1.0
14.0,12.5,1.12,2592.0,1638.0,1.58,6.0,5.5,1.09,1,2,0.5,0.0
18.0,16.0,1.12,3168.0,2800.0,1.13,1.0,7.0,0.14,1,1,1.0,0.0
10.5,14.33,0.73,1248.0,2872.33,0.43,4.5,6.67,0.67,2,3,0.67,0.0
18.0,13.0,1.38,6240.0,2184.0,2.86,8.0,6.0,1.33,1,1,1.0,1.0
7.0,6.17,1.13,640.0,774.17,0.83,4.0,3.0,1.33,1,6,0.17,0.0
20.0,14.0,1.43,4928.0,2592.0,1.9,9.0,6.0,1.5,1,1,1.0,0.0
18.0,5.0,3.6,5040.0,500.0,10.08,8.0,1.0,8.0,1,1,1.0,1.0
6.0,10.0,0.6,600.0,1296.0,0.46,3.0,4.0,0.75,1,1,1.0,0.0
17.0,11.75,1.45,3402.0,2090.0,1.63,1.0,5.25,0.19,1,4,0.25,0.0
18.0,1.0,18.0,4032.0,180.0,22.4,8.0,1.0,8.0,1,1,1.0,1.0
1.33,13.14,0.1,196.0,2458.86,0.08,1.0,6.14,0.16,3,7,0.43,0.0
3.0,13.0,0.23,320.0,1890.0,0.17,1.0,6.0,0.17,1,1,1.0,0.0
10.0,4.0,2.5,1260.0,420.0,3.0,1.0,2.0,0.5,1,1,1.0,1.0
15.0,8.67,1.73,2880.0,1164.67,2.47,7.0,3.83,1.83,1,6,0.17,0.0
4.0,17.0,0.24,375.0,2592.0,0.14,1.0,8.0,0.12,1,1,1.0,0.0
14.0,10.8,1.3,2100.0,2157.2,0.97,6.0,5.0,1.2,1,5,0.2,0.0
16.0,8.0,2.0,3024.0,756.0,4.0,1.0,1.0,1.0,1,1,1.0,1.0
6.0,6.0,1.0,720.0,625.0,1.15,3.0,3.0,1.0,1,1,1.0,1.0
20.0,18.0,1.11,4800.0,3888.0,1.23,1.0,1.0,1.0,1,1,1.0,1.0
3.0,14.0,0.21,288.0,2304.0,0.12,1.0,6.0,0.17,1,1,1.0,0.0
8.0,9.0,0.89,900.0,1536.0,0.59,4.0,4.0,1.0,1,1,1.0,1.0
9.0,13.0,0.69,1289.43,1960.0,0.66,4.140000000000001,6.0,0.69,7,1,7.0,1.0
9.29,13.5,0.69,2156.57,2198.0,0.98,4.29,1.0,4.29,7,2,3.5,1.0
11.5,13.0,0.88,2276.0,1960.0,1.16,5.0,6.0,0.83,2,1,2.0,1.0
10.71,10.25,1.04,1592.86,1603.75,0.99,4.859999999999999,1.0,4.86,7,4,1.75,1.0
16.0,20.0,0.8,2835.0,4800.0,0.59,7.0,9.0,0.78,1,1,1.0,0.0
8.0,14.2,0.56,720.0,2805.6,0.26,1.0,6.4,0.16,1,5,0.2,0.0
18.0,7.8,2.31,4620.0,925.6,4.99,8.0,1.0,8.0,1,5,0.2,0.0
12.0,10.88,1.1,1728.0,2080.25,0.83,5.0,5.0,1.0,1,8,0.12,0.0
6.0,10.25,0.59,746.0,2221.25,0.34,1.0,5.0,0.2,3,8,0.38,0.0
8.0,11.0,0.73,840.0,1512.0,0.56,4.0,5.0,0.8,1,1,1.0,0.0
13.0,19.0,0.68,2560.0,4536.0,0.56,6.0,1.0,6.0,1,1,1.0,1.0
9.0,7.0,1.29,840.0,1415.0,0.59,4.0,3.25,1.23,1,4,0.25,0.0
11.0,4.0,2.75,2434.5,448.0,5.43,5.0,2.25,2.22,4,4,1.0,1.0
9.0,8.57,1.05,1050.0,1265.14,0.83,1.0,4.29,0.23,1,7,0.14,0.0
2.0,7.0,0.29,256.0,630.0,0.41,1.0,4.0,0.25,1,1,1.0,0.0
16.0,13.4,1.19,2340.0,1880.2,1.24,7.0,1.0,7.0,1,5,0.2,0.0
7.0,11.0,0.64,672.0,2304.0,0.29,4.0,5.0,0.8,1,1,1.0,0.0
1.0,12.86,0.08,180.0,2309.14,0.08,1.0,5.86,0.17,1,7,0.14,0.0
12.0,13.12,0.91,2384.86,3053.0,0.78,5.43,6.25,0.87,7,8,0.88,0.0
2.0,5.0,0.4,240.0,480.0,0.5,1.0,3.0,0.33,1,1,1.0,0.0
7.0,15.0,0.47,960.0,2450.0,0.39,4.0,7.0,0.57,1,1,1.0,0.0
18.0,10.0,1.8,3600.0,1522.0,2.37,8.0,4.67,1.71,1,3,0.33,0.0
16.5,10.83,1.52,3282.75,2044.5,1.61,7.5,5.17,1.45,4,6,0.67,0.0
6.6,11.0,0.6,822.0,1347.0,0.61,1.0,1.0,1.0,5,2,2.5,1.0
4.0,19.0,0.21,315.0,4032.0,0.08,2.0,9.0,0.22,1,1,1.0,0.0
16.0,12.75,1.25,4914.0,2100.0,2.34,7.0,1.0,7.0,1,4,0.25,0.0
8.0,14.0,0.57,1050.0,1680.0,0.62,4.0,6.0,0.67,1,1,1.0,0.0
9.38,3.0,3.13,2231.0,288.0,7.75,4.5,2.0,2.25,8,1,8.0,1.0
1.0,8.0,0.12,180.0,1439.33,0.13,1.0,3.83,0.26,1,6,0.17,0.0
5.0,11.12,0.45,420.0,1573.12,0.27,1.0,1.0,1.0,1,8,0.12,0.0
12.0,11.0,1.09,2016.0,1458.0,1.38,5.0,5.0,1.0,1,1,1.0,1.0
10.0,12.25,0.82,1260.0,2283.75,0.55,1.0,5.62,0.18,1,8,0.12,0.0
7.25,9.83,0.74,1377.0,1487.33,0.93,3.5,1.0,3.5,4,6,0.67,0.0
7.0,10.71,0.65,828.0,1668.14,0.5,3.5,4.859999999999999,0.72,2,7,0.29,0.0
16.0,10.0,1.6,3024.0,1260.0,2.4,7.0,4.0,1.75,1,1,1.0,1.0
17.0,12.88,1.32,3168.0,2943.12,1.08,8.0,5.88,1.36,1,8,0.12,0.0
15.0,7.83,1.92,3564.0,1441.5,2.47,7.0,4.0,1.75,2,6,0.33,0.0
9.83,13.67,0.72,1835.5,3444.0,0.53,4.67,6.33,0.74,6,3,2.0,1.0
1.0,2.0,0.5,180.0,240.0,0.75,1.0,1.0,1.0,1,1,1.0,1.0
13.0,9.0,1.44,2880.0,1260.0,2.29,6.0,4.0,1.5,1,1,1.0,1.0
10.0,11.0,0.91,1176.0,1903.2,0.62,4.0,5.2,0.77,1,5,0.2,0.0
12.0,13.5,0.89,2813.0,1974.0,1.43,5.5,1.0,5.5,4,2,2.0,1.0
10.5,7.0,1.5,1300.0,1048.0,1.24,1.0,3.5,0.29,2,4,0.5,0.0
11.0,13.0,0.85,1800.0,2016.0,0.89,5.0,6.0,0.83,1,1,1.0,0.0
13.0,17.0,0.76,1944.0,4536.0,0.43,6.0,8.0,0.75,1,1,1.0,0.0
13.0,8.17,1.59,1800.0,1246.0,1.44,6.0,3.67,1.63,1,6,0.17,0.0
19.0,12.0,1.58,4608.0,1600.0,2.88,1.0,5.0,0.2,1,1,1.0,1.0
15.0,16.0,0.94,2520.0,3328.0,0.76,1.0,7.0,0.14,1,1,1.0,0.0
2.0,6.0,0.33,240.0,800.0,0.3,1.0,3.0,0.33,1,1,1.0,0.0
4.0,14.5,0.28,480.0,2429.0,0.2,2.0,6.5,0.31,1,2,0.5,0.0
17.0,11.5,1.48,2816.0,2369.25,1.19,8.0,5.25,1.52,1,8,0.12,0.0
5.0,14.33,0.35,720.0,2820.0,0.26,3.0,7.0,0.43,1,3,0.33,0.0
10.75,9.0,1.19,2412.75,1211.25,1.99,5.12,4.0,1.28,8,4,2.0,1.0
12.0,18.0,0.67,1620.0,3920.0,0.41,5.0,1.0,5.0,1,1,1.0,1.0
10.6,13.5,0.79,1928.0,2811.0,0.69,4.8,5.75,0.83,5,4,1.25,0.0
11.0,6.0,1.83,1350.0,525.0,2.57,5.0,1.0,5.0,1,1,1.0,1.0
4.0,5.0,0.8,360.0,576.0,0.62,2.0,3.0,0.67,1,1,1.0,0.0
12.0,7.0,1.71,1512.0,640.0,2.36,5.0,1.0,5.0,1,1,1.0,1.0
11.0,12.83,0.86,1827.0,2753.5,0.66,5.0,5.83,0.86,5,6,0.83,0.0
12.0,20.0,0.6,2100.0,4752.0,0.44,5.0,1.0,5.0,1,1,1.0,1.0
7.0,8.0,0.88,630.0,1000.0,0.63,1.0,4.0,0.25,1,1,1.0,0.0
13.0,13.0,1.0,3024.0,2304.0,1.31,6.0,6.0,1.0,1,1,1.0,0.0
14.0,11.25,1.24,2205.0,2135.12,1.03,1.0,5.25,0.19,1,8,0.12,0.0
3.0,11.17,0.27,300.0,2149.0,0.14,2.0,5.33,0.38,1,6,0.17,0.0
20.0,19.0,1.05,5040.0,7290.0,0.69,1.0,9.0,0.11,1,1,1.0,0.0
5.0,13.0,0.38,540.0,1920.0,0.28,3.0,6.0,0.5,1,1,1.0,0.0
9.0,11.33,0.79,1050.0,2063.0,0.51,4.0,5.33,0.75,1,3,0.33,0.0
5.0,11.0,0.45,450.0,1344.0,0.33,3.0,5.0,0.6,1,1,1.0,0.0
9.0,9.75,0.92,1350.0,1767.0,0.76,4.0,4.5,0.89,1,4,0.25,0.0
10.0,11.6,0.86,2048.0,2864.0,0.72,4.0,5.2,0.77,1,5,0.2,0.0
16.0,10.0,1.6,2079.0,1125.0,1.85,7.0,4.0,1.75,1,1,1.0,1.0
4.0,7.4,0.54,428.0,1093.4,0.39,2.0,3.6,0.56,2,5,0.4,0.0
8.0,17.0,0.47,768.0,3584.0,0.21,1.0,8.0,0.12,1,1,1.0,0.0
3.0,9.33,0.32,300.0,1545.33,0.19,2.0,4.0,0.5,1,3,0.33,0.0
18.0,2.0,9.0,3520.0,240.0,14.67,8.0,1.0,8.0,1,1,1.0,1.0
17.0,1.0,17.0,2970.0,180.0,16.5,8.0,1.0,8.0,1,1,1.0,1.0
14.0,13.0,1.08,1800.0,1960.0,0.92,6.0,1.0,6.0,1,1,1.0,1.0
8.75,6.0,1.46,1291.75,882.0,1.46,4.12,3.0,1.37,8,5,1.6,1.0
16.0,18.0,0.89,4914.0,4704.0,1.04,7.0,8.0,0.88,1,1,1.0,0.0
6.6,12.5,0.53,801.2,2272.5,0.35,1.0,1.0,1.0,5,4,1.25,0.0
11.0,3.0,3.67,1350.0,320.0,4.22,5.0,1.0,5.0,1,1,1.0,1.0
11.0,7.0,1.57,2016.0,700.0,2.88,5.0,4.0,1.25,1,1,1.0,1.0
16.0,20.0,0.8,3780.0,4860.0,0.78,7.0,9.0,0.78,1,1,1.0,0.0
20.0,8.4,2.38,5292.0,1126.2,4.7,9.0,4.0,2.25,1,5,0.2,0.0
15.0,6.0,2.5,2200.0,600.0,3.67,1.0,1.0,1.0,1,1,1.0,1.0
18.0,16.0,1.12,3920.0,3822.0,1.03,1.0,7.0,0.14,1,1,1.0,0.0
16.0,10.0,1.6,2640.0,1620.0,1.63,1.0,4.0,0.25,1,1,1.0,1.0
10.0,5.0,2.0,1120.0,480.0,2.33,1.0,3.0,0.33,1,1,1.0,1.0
4.0,10.0,0.4,400.0,1563.0,0.26,1.0,4.5,0.22,1,2,0.5,0.0
2.0,5.0,0.4,240.0,576.0,0.42,1.0,3.0,0.33,1,1,1.0,0.0
13.0,2.0,6.5,1920.0,216.0,8.89,6.0,1.0,6.0,1,1,1.0,1.0
19.0,3.0,6.33,4158.0,300.0,13.86,9.0,2.0,4.5,1,1,1.0,1.0
11.0,13.5,0.81,1658.17,2178.0,0.76,1.0,1.0,1.0,6,2,3.0,1.0
1.0,19.0,0.05,180.0,5760.0,0.03,1.0,9.0,0.11,1,1,1.0,0.0
19.0,13.0,1.46,4224.0,1680.0,2.51,9.0,6.0,1.5,1,1,1.0,1.0
12.67,6.0,2.11,2389.33,664.0,3.6,6.0,3.0,2.0,3,2,1.5,1.0
11.0,20.0,0.55,1890.0,5760.0,0.33,5.0,9.0,0.56,1,1,1.0,0.0
15.0,10.2,1.47,3200.0,1747.0,1.83,7.0,4.6,1.52,1,5,0.2,0.0
15.0,20.0,0.75,3240.0,5040.0,0.64,7.0,9.0,0.78,1,1,1.0,0.0
1.0,16.25,0.06,192.0,3802.5,0.05,1.0,7.25,0.14,1,8,0.12,0.0
1.0,4.0,0.25,180.0,400.0,0.45,1.0,2.0,0.5,1,1,1.0,0.0
13.0,8.0,1.62,1764.0,864.0,2.04,1.0,1.0,1.0,1,1,1.0,1.0
14.0,15.38,0.91,2940.0,2841.0,1.03,6.0,1.0,6.0,1,8,0.12,0.0
12.0,15.0,0.8,2547.5,3474.0,0.73,5.38,6.5,0.83,8,2,4.0,1.0
18.0,11.12,1.62,3920.0,1964.0,2.0,8.0,5.25,1.52,1,8,0.12,0.0
7.0,1.0,7.0,700.0,171.0,4.09,4.0,1.0,4.0,1,2,0.5,1.0
17.0,11.0,1.55,3150.0,1304.0,2.42,8.0,1.0,8.0,1,3,0.33,1.0
8.0,13.67,0.59,1114.43,3052.0,0.37,3.71,6.17,0.6,7,6,1.17,0.0
12.0,9.8,1.22,1800.0,1263.0,1.43,5.0,1.0,5.0,1,5,0.2,0.0
9.0,2.0,4.5,1050.0,240.0,4.38,4.0,1.0,4.0,1,1,1.0,1.0
20.0,10.0,2.0,4116.0,1680.0,2.45,9.0,4.0,2.25,1,1,1.0,1.0
2.0,3.0,0.67,240.0,270.0,0.89,1.0,2.0,0.5,1,1,1.0,1.0
5.0,17.6,0.28,480.0,4568.2,0.11,3.0,8.0,0.38,1,5,0.2,0.0
9.0,12.38,0.73,1344.0,1794.88,0.75,4.0,1.0,4.0,1,8,0.12,0.0
12.0,19.0,0.63,3072.0,6048.0,0.51,5.0,9.0,0.56,1,1,1.0,1.0
13.0,18.0,0.72,1540.0,3740.0,0.41,6.0,1.0,6.0,1,2,0.5,0.0
7.0,8.0,0.88,576.0,1200.0,0.48,1.0,4.0,0.25,1,1,1.0,0.0
7.75,9.33,0.83,1112.5,1881.83,0.59,3.75,4.5,0.83,4,6,0.67,0.0
19.0,11.0,1.73,4320.0,1800.0,2.4,1.0,5.0,0.2,1,1,1.0,1.0
7.0,5.75,1.22,720.0,667.5,1.08,1.0,1.0,1.0,1,4,0.25,0.0
5.67,10.5,0.54,824.0,2037.5,0.4,2.67,4.83,0.55,3,6,0.5,0.0
12.29,12.5,0.98,2070.86,2178.5,0.95,5.71,1.0,5.71,7,8,0.88,1.0
10.0,3.0,3.33,1008.0,288.0,3.5,4.0,2.0,2.0,1,1,1.0,1.0
17.0,14.5,1.17,4680.0,2464.0,1.9,8.0,1.0,8.0,1,2,0.5,1.0
9.0,20.0,0.45,960.0,6048.0,0.16,1.0,9.0,0.11,1,1,1.0,0.0
10.12,8.0,1.26,1572.75,1620.0,0.97,4.62,3.5,1.32,8,2,4.0,1.0
13.43,11.14,1.21,2233.71,2147.43,1.04,6.14,5.29,1.16,7,7,1.0,0.0
16.0,17.0,0.94,2700.0,3564.0,0.76,7.0,8.0,0.88,1,1,1.0,1.0
12.0,9.75,1.23,1512.0,1801.5,0.84,5.0,4.75,1.05,1,4,0.25,0.0
3.0,17.0,0.18,300.0,4536.0,0.07,2.0,8.0,0.25,1,1,1.0,0.0
2.0,1.0,2.0,216.0,192.0,1.12,1.0,1.0,1.0,1,1,1.0,1.0
17.0,6.0,2.83,4368.0,768.0,5.69,8.0,3.0,2.67,1,1,1.0,1.0
9.0,12.62,0.71,1152.0,2333.88,0.49,4.0,5.88,0.68,1,8,0.12,0.0
15.0,9.25,1.62,2560.0,1495.0,1.71,1.0,1.0,1.0,1,8,0.12,0.0
7.0,15.0,0.47,864.0,3528.0,0.24,4.0,7.0,0.57,1,1,1.0,0.0
17.0,3.0,5.67,3234.0,300.0,10.78,1.0,1.0,1.0,1,1,1.0,1.0
20.0,10.0,2.0,6400.0,1917.12,3.34,9.0,4.75,1.89,1,8,0.12,0.0
8.0,9.75,0.82,800.0,1745.25,0.46,4.0,1.0,4.0,1,4,0.25,0.0
4.0,7.0,0.57,384.0,840.0,0.46,2.0,4.0,0.5,1,1,1.0,0.0
19.0,18.0,1.06,5040.0,4320.0,1.17,9.0,8.0,1.12,1,1,1.0,1.0
2.0,4.0,0.5,189.0,384.0,0.49,1.0,2.0,0.5,1,1,1.0,0.0
5.0,14.0,0.36,420.0,1944.0,0.22,3.0,1.0,3.0,1,1,1.0,0.0
18.0,8.2,2.2,3969.0,1359.6,2.92,1.0,3.8,0.26,1,5,0.2,0.0
13.0,9.0,1.44,1792.0,1050.0,1.71,1.0,4.0,0.25,1,1,1.0,1.0
14.0,3.5,4.0,3888.0,370.0,10.51,6.0,2.0,3.0,1,2,0.5,1.0
12.5,8.6,1.45,2770.0,1508.8,1.84,1.0,4.0,0.25,2,5,0.4,0.0
2.0,4.0,0.5,240.0,288.0,0.83,1.0,2.0,0.5,1,1,1.0,1.0
1.0,12.0,0.08,192.0,2160.0,0.09,1.0,5.0,0.2,1,1,1.0,0.0
15.0,18.0,0.83,3360.0,3960.0,0.85,7.0,8.0,0.88,1,1,1.0,0.0
16.0,20.0,0.8,3024.0,4536.0,0.67,1.0,1.0,1.0,1,1,1.0,0.0
11.0,17.0,0.65,1344.0,3456.0,0.39,5.0,8.0,0.62,1,1,1.0,0.0
15.0,13.0,1.15,2800.0,1728.0,1.62,7.0,1.0,7.0,1,1,1.0,1.0
8.0,13.0,0.62,875.0,2275.0,0.38,4.0,6.0,0.67,1,1,1.0,0.0
13.0,12.0,1.08,1792.0,1575.0,1.14,1.0,5.0,0.2,1,1,1.0,0.0
8.0,9.5,0.84,1200.0,1664.25,0.72,4.0,4.5,0.89,1,4,0.25,0.0
14.0,7.5,1.87,3888.0,1076.0,3.61,6.0,4.0,1.5,1,2,0.5,1.0
11.0,1.0,11.0,1440.0,180.0,8.0,1.0,1.0,1.0,1,1,1.0,1.0
12.5,5.67,2.2,2310.0,497.67,4.64,5.5,1.0,5.5,2,3,0.67,1.0
10.71,4.0,2.68,1849.14,330.0,5.6,5.14,2.5,2.06,7,2,3.5,1.0
6.75,17.0,0.4,1226.0,3080.0,0.4,1.0,1.0,1.0,4,1,4.0,1.0
16.0,15.0,1.07,3840.0,3456.0,1.11,7.0,7.0,1.0,1,1,1.0,1.0
10.0,6.0,1.67,1260.0,504.0,2.5,1.0,3.0,0.33,1,1,1.0,1.0
5.0,18.0,0.28,450.0,4800.0,0.09,3.0,8.0,0.38,1,1,1.0,0.0
19.0,18.0,1.06,5280.0,3600.0,1.47,9.0,8.0,1.12,1,1,1.0,0.0
6.0,2.0,3.0,600.0,225.0,2.67,1.0,1.0,1.0,1,1,1.0,1.0
1.0,7.0,0.14,180.0,1304.0,0.14,1.0,3.67,0.27,1,3,0.33,0.0
8.0,7.0,1.14,1313.25,720.0,1.82,4.0,4.0,1.0,4,1,4.0,1.0
12.29,15.25,0.81,2432.71,2678.5,0.91,5.71,7.0,0.82,7,4,1.75,1.0
4.0,10.33,0.39,324.0,2099.17,0.15,2.0,4.67,0.43,1,6,0.17,0.0
13.0,7.0,1.86,2400.0,735.0,3.27,6.0,4.0,1.5,1,1,1.0,1.0
8.0,13.75,0.58,720.0,2798.38,0.26,1.0,6.38,0.16,1,8,0.12,0.0
9.0,7.0,1.29,840.0,750.0,1.12,1.0,1.0,1.0,1,1,1.0,0.0
11.0,17.0,0.65,1620.0,3360.0,0.48,5.0,1.0,5.0,1,1,1.0,0.0
9.0,18.0,0.5,1350.0,3168.0,0.43,4.0,8.0,0.5,1,1,1.0,0.0
16.0,2.0,8.0,3456.0,240.0,14.4,7.0,1.0,7.0,1,1,1.0,1.0
17.0,8.0,2.12,3850.0,720.0,5.35,8.0,4.0,2.0,1,1,1.0,1.0
12.12,11.83,1.02,2091.12,2158.33,0.97,5.5,5.67,0.97,8,6,1.33,1.0
10.0,7.86,1.27,1242.4,1273.71,0.98,4.6,1.0,4.6,5,7,0.71,1.0
11.0,11.12,0.99,1470.0,1853.88,0.79,1.0,5.38,0.19,1,8,0.12,0.0
18.0,6.71,2.68,6336.0,909.14,6.97,8.0,3.14,2.55,1,7,0.14,0.0
4.2,10.6,0.4,414.6,2179.2,0.19,2.0,5.0,0.4,5,5,1.0,0.0
13.62,8.6,1.58,2775.25,940.8,2.95,6.25,1.0,6.25,8,5,1.6,1.0
9.25,15.83,0.58,1597.5,2739.33,0.58,4.75,1.0,4.75,4,6,0.67,0.0
9.0,7.0,1.29,960.0,960.0,1.0,4.0,4.0,1.0,1,1,1.0,1.0
14.0,7.0,2.0,2880.0,900.0,3.2,6.0,4.0,1.5,1,1,1.0,1.0
11.0,17.5,0.63,1680.0,4536.0,0.37,5.0,8.0,0.62,1,2,0.5,0.0
16.0,3.0,5.33,2592.0,400.0,6.48,7.0,2.0,3.5,1,1,1.0,1.0
6.0,17.0,0.35,360.0,3528.0,0.1,1.0,8.0,0.12,1,1,1.0,0.0
17.0,12.5,1.36,3360.0,2103.75,1.6,1.0,5.75,0.17,1,4,0.25,0.0
10.14,8.43,1.2,1543.43,1420.29,1.09,1.0,1.0,1.0,7,7,1.0,0.0
2.0,12.62,0.16,240.0,2682.38,0.09,1.0,5.88,0.17,1,8,0.12,0.0
9.4,8.0,1.18,1648.2,1062.0,1.55,1.0,1.0,1.0,5,2,2.5,1.0
4.0,18.0,0.22,360.0,3300.0,0.11,2.0,8.0,0.25,1,1,1.0,0.0
3.0,18.0,0.17,320.0,3520.0,0.09,2.0,1.0,2.0,1,1,1.0,0.0
11.0,10.0,1.1,1470.0,1008.0,1.46,5.0,4.0,1.25,1,1,1.0,0.0
1.0,11.25,0.09,192.0,1809.38,0.11,1.0,1.0,1.0,1,8,0.12,0.0
15.5,9.0,1.72,2765.5,1350.0,2.05,7.25,4.0,1.81,4,1,4.0,1.0
15.0,8.0,1.88,2520.0,875.0,2.88,7.0,1.0,7.0,1,1,1.0,1.0
11.0,17.0,0.65,1400.0,3696.0,0.38,1.0,8.0,0.12,1,1,1.0,0.0
13.5,9.0,1.5,2754.75,960.0,2.87,6.38,4.0,1.59,8,1,8.0,1.0
14.0,18.0,0.78,2100.0,4914.0,0.43,1.0,8.0,0.12,1,1,1.0,0.0
3.0,15.0,0.2,270.0,2000.0,0.14,2.0,7.0,0.29,1,1,1.0,0.0
19.0,2.0,9.5,5670.0,225.0,25.2,9.0,1.0,9.0,1,1,1.0,1.0
6.0,6.0,1.0,600.0,728.75,0.82,3.0,3.0,1.0,1,4,0.25,0.0
2.0,11.0,0.18,240.0,1532.0,0.16,1.0,4.5,0.22,1,2,0.5,0.0
10.0,2.0,5.0,1120.0,240.0,4.67,4.0,1.0,4.0,1,1,1.0,1.0
2.0,13.25,0.15,240.0,3356.5,0.07,1.0,6.25,0.16,1,4,0.25,0.0
19.0,2.0,9.5,5544.0,240.0,23.1,9.0,1.0,9.0,1,1,1.0,1.0
9.0,12.75,0.71,1080.0,2905.0,0.37,1.0,5.75,0.17,1,8,0.12,0.0
14.0,17.0,0.82,2730.0,3240.0,0.84,6.0,8.0,0.75,1,1,1.0,0.0
12.0,11.83,1.01,1680.0,1826.5,0.92,1.0,1.0,1.0,1,6,0.17,0.0
7.0,16.0,0.44,630.0,3024.0,0.21,1.0,7.0,0.14,1,1,1.0,0.0
15.0,18.0,0.83,2400.0,4860.0,0.49,1.0,8.0,0.12,1,1,1.0,0.0
5.0,9.75,0.51,450.0,2043.0,0.22,3.0,4.5,0.67,1,4,0.25,0.0
19.0,19.0,1.0,4860.0,5600.0,0.87,9.0,9.0,1.0,1,1,1.0,0.0
18.0,6.71,2.68,3696.0,825.43,4.48,1.0,1.0,1.0,1,7,0.14,0.0
16.0,8.0,2.0,2916.0,800.0,3.65,7.0,4.0,1.75,1,1,1.0,1.0
5.0,4.0,1.25,640.0,400.0,1.6,3.0,2.0,1.5,1,1,1.0,0.0
11.0,13.0,0.85,1800.0,1296.0,1.39,5.0,1.0,5.0,1,1,1.0,1.0
16.0,6.0,2.67,2772.0,560.0,4.95,7.0,3.0,2.33,1,1,1.0,1.0
9.0,17.0,0.53,1050.0,2880.0,0.36,4.0,8.0,0.5,1,1,1.0,0.0
4.0,11.0,0.36,400.0,2244.0,0.18,2.0,5.0,0.4,1,2,0.5,0.0
20.0,3.0,6.67,4368.0,300.0,14.56,9.0,2.0,4.5,1,1,1.0,1.0
14.0,9.2,1.52,2700.0,1247.2,2.16,6.0,1.0,6.0,1,5,0.2,0.0
5.0,16.0,0.31,480.0,4800.0,0.1,3.0,7.0,0.43,1,1,1.0,0.0
10.29,10.25,1.0,1548.57,1494.0,1.04,1.0,5.0,0.2,7,4,1.75,1.0
11.0,8.62,1.28,1924.8,1509.12,1.28,5.2,4.38,1.19,5,8,0.62,0.0
11.0,7.67,1.43,1512.0,1370.67,1.1,1.0,3.67,0.27,1,3,0.33,0.0
5.0,3.0,1.67,750.0,288.0,2.6,3.0,1.0,3.0,1,1,1.0,1.0
6.0,19.0,0.32,600.0,4356.0,0.14,3.0,9.0,0.33,1,1,1.0,0.0
12.0,2.0,6.0,1575.0,240.0,6.56,5.0,1.0,5.0,1,1,1.0,1.0
1.0,2.0,0.5,180.0,240.0,0.75,1.0,1.0,1.0,1,1,1.0,0.0
11.67,10.33,1.13,2173.33,1737.33,1.25,5.33,4.83,1.1,3,6,0.5,0.0
3.0,12.0,0.25,270.0,2100.0,0.13,2.0,5.0,0.4,1,1,1.0,0.0
5.5,11.2,0.49,660.0,2171.2,0.3,2.5,5.2,0.48,2,5,0.4,0.0
19.0,9.8,1.94,4480.0,1408.4,3.18,9.0,1.0,9.0,1,5,0.2,0.0
1.0,15.0,0.07,192.0,2744.0,0.07,1.0,1.0,1.0,1,1,1.0,0.0
7.0,8.5,0.82,940.0,1188.0,0.79,3.0,3.75,0.8,3,4,0.75,0.0
9.88,6.5,1.52,1680.75,847.5,1.98,1.0,3.0,0.33,8,4,2.0,1.0
10.29,8.43,1.22,1758.86,1366.0,1.29,4.71,4.0,1.18,7,7,1.0,1.0
12.0,9.33,1.29,2016.0,1605.33,1.26,5.0,4.0,1.25,1,3,0.33,0.0
12.0,9.2,1.3,1680.0,1458.6,1.15,1.0,4.2,0.24,1,5,0.2,0.0
18.0,7.0,2.57,3920.0,1152.0,3.4,8.0,4.0,2.0,1,1,1.0,1.0
4.0,15.0,0.27,360.0,2240.0,0.16,2.0,1.0,2.0,1,1,1.0,0.0
13.0,11.17,1.16,1890.0,2606.17,0.73,1.0,5.17,0.19,1,6,0.17,0.0
14.0,5.5,2.55,2016.0,576.0,3.5,6.0,1.0,6.0,1,2,0.5,1.0
2.0,9.29,0.22,240.0,1776.57,0.14,1.0,4.140000000000001,0.24,1,7,0.14,0.0
11.4,11.71,0.97,2040.0,1955.71,1.04,5.4,5.29,1.02,5,7,0.71,0.0
11.0,9.5,1.16,2858.0,1795.5,1.59,5.0,1.0,5.0,2,4,0.5,0.0
10.0,2.0,5.0,1344.0,240.0,5.6,4.0,1.0,4.0,1,1,1.0,1.0
12.17,15.33,0.79,1724.0,2580.0,0.67,1.0,7.0,0.14,6,3,2.0,0.0
15.0,16.0,0.94,2640.0,2800.0,0.94,7.0,1.0,7.0,1,1,1.0,1.0
7.0,10.0,0.7,864.0,2002.5,0.43,4.0,1.0,4.0,1,2,0.5,0.0
1.0,15.0,0.07,180.0,2688.0,0.07,1.0,1.0,1.0,1,1,1.0,0.0
14.0,15.0,0.93,1848.0,2912.0,0.63,6.0,7.0,0.86,1,1,1.0,1.0
6.0,8.67,0.69,504.0,1380.83,0.36,1.0,1.0,1.0,1,6,0.17,0.0
20.0,8.86,2.26,6552.0,1148.57,5.7,9.0,1.0,9.0,1,7,0.14,0.0
12.0,9.62,1.25,1680.0,1245.0,1.35,1.0,1.0,1.0,1,8,0.12,0.0
12.0,18.0,0.67,1680.0,3072.0,0.55,5.0,8.0,0.62,1,1,1.0,0.0
1.0,11.0,0.09,192.0,1600.0,0.12,1.0,5.0,0.2,1,1,1.0,0.0
15.0,12.0,1.25,2592.0,1512.0,1.71,7.0,5.0,1.4,1,1,1.0,0.0
1.0,5.0,0.2,192.0,420.0,0.46,1.0,3.0,0.33,1,1,1.0,0.0
14.0,16.17,0.87,1920.0,3550.17,0.54,1.0,7.5,0.13,1,6,0.17,0.0
14.0,9.25,1.51,2100.0,2231.5,0.94,1.0,4.25,0.24,1,4,0.25,0.0
11.0,16.0,0.69,1440.0,3948.0,0.36,5.0,7.0,0.71,1,3,0.33,0.0
4.0,11.0,0.36,315.0,1967.8,0.16,1.0,5.2,0.19,1,5,0.2,0.0
20.0,19.0,1.05,5040.0,5600.0,0.9,9.0,9.0,1.0,1,1,1.0,0.0
15.0,5.0,3.0,2688.0,480.0,5.6,1.0,1.0,1.0,1,1,1.0,1.0
20.0,20.0,1.0,3872.0,8320.0,0.47,1.0,9.0,0.11,1,1,1.0,0.0
15.0,8.29,1.81,2880.0,1047.86,2.75,7.0,3.57,1.96,1,7,0.14,0.0
11.17,15.2,0.73,2380.0,3395.2,0.7,5.33,6.8,0.78,6,5,1.2,0.0
12.57,11.5,1.09,2891.71,2416.0,1.2,5.86,5.5,1.07,7,2,3.5,1.0
4.0,6.0,0.67,512.0,960.0,0.53,2.0,3.0,0.67,1,1,1.0,0.0
17.0,7.0,2.43,3240.0,720.0,4.5,8.0,4.0,2.0,1,1,1.0,1.0
13.67,13.0,1.05,3513.33,2740.0,1.28,6.0,6.33,0.95,3,3,1.0,1.0
20.0,11.0,1.82,4536.0,1482.67,3.06,1.0,5.0,0.2,1,3,0.33,0.0
20.0,12.5,1.6,4488.0,1938.25,2.32,9.0,5.5,1.64,1,4,0.25,0.0
10.0,8.0,1.25,840.0,1080.0,0.78,4.0,4.0,1.0,1,1,1.0,0.0
4.0,18.0,0.22,336.0,3780.0,0.09,1.0,8.0,0.12,1,1,1.0,0.0
20.0,11.0,1.82,4900.0,2215.0,2.21,1.0,5.0,0.2,1,8,0.12,0.0
4.0,6.0,0.67,360.0,560.0,0.64,1.0,3.0,0.33,1,1,1.0,0.0
10.43,5.6,1.86,1904.29,878.4,2.17,4.71,3.0,1.57,7,5,1.4,1.0
11.0,9.0,1.22,1822.4,1313.6,1.39,5.0,4.0,1.25,5,5,1.0,1.0
13.43,14.25,0.94,2929.71,2400.0,1.22,6.29,1.0,6.29,7,4,1.75,1.0
5.0,4.0,1.25,450.0,360.0,1.25,3.0,2.0,1.5,1,1,1.0,0.0
20.0,19.0,1.05,4536.0,3850.0,1.18,9.0,9.0,1.0,1,1,1.0,1.0
12.5,3.5,3.57,2756.62,435.5,6.33,5.75,2.0,2.88,8,4,2.0,1.0
13.0,2.0,6.5,2400.0,216.0,11.11,6.0,1.0,6.0,1,1,1.0,1.0
14.0,10.67,1.31,1960.0,2194.0,0.89,1.0,5.0,0.2,1,3,0.33,0.0
8.5,10.62,0.8,892.5,1673.0,0.53,4.0,1.0,4.0,2,8,0.25,0.0
3.0,8.75,0.34,400.0,1482.5,0.27,2.0,4.25,0.47,1,4,0.25,0.0
12.0,8.0,1.5,1764.0,1080.0,1.63,1.0,4.0,0.25,1,1,1.0,1.0
11.0,5.0,2.2,1512.0,450.0,3.36,5.0,3.0,1.67,1,1,1.0,1.0
11.0,7.62,1.44,1200.0,1325.25,0.91,5.0,3.75,1.33,1,8,0.12,0.0
11.0,6.0,1.83,1728.0,600.0,2.88,5.0,3.0,1.67,1,1,1.0,1.0
12.0,13.0,0.92,2588.5,2355.0,1.1,5.75,1.0,5.75,8,4,2.0,1.0
4.0,10.4,0.38,336.0,2227.4,0.15,2.0,5.0,0.4,1,5,0.2,0.0
4.0,1.0,4.0,360.0,180.0,2.0,2.0,1.0,2.0,1,1,1.0,1.0
19.0,12.17,1.56,4590.0,2984.17,1.54,9.0,5.83,1.54,1,6,0.17,0.0
12.0,15.33,0.78,1680.0,3474.33,0.48,1.0,6.67,0.15,1,3,0.33,0.0
18.0,9.0,2.0,3696.0,1900.5,1.94,1.0,4.25,0.24,1,4,0.25,0.0
2.0,1.0,2.0,240.0,180.0,1.33,1.0,1.0,1.0,1,1,1.0,1.0
20.0,18.0,1.11,6240.0,5103.0,1.22,9.0,8.0,1.12,1,1,1.0,1.0
16.5,8.14,2.03,3531.5,1152.0,3.07,1.0,4.0,0.25,2,7,0.29,0.0
12.0,13.5,0.89,1920.0,2544.0,0.75,5.0,6.0,0.83,1,2,0.5,0.0
14.0,16.5,0.85,2352.0,2448.0,0.96,6.0,7.5,0.8,1,2,0.5,0.0
13.0,20.0,0.65,1890.0,4320.0,0.44,6.0,9.0,0.67,1,1,1.0,0.0
6.0,9.8,0.61,600.0,1626.0,0.37,3.0,4.8,0.62,1,5,0.2,0.0
4.0,11.6,0.34,450.0,2288.8,0.2,2.0,5.6,0.36,1,5,0.2,0.0
2.0,5.0,0.4,225.0,480.0,0.47,1.0,3.0,0.33,1,1,1.0,0.0
10.0,15.0,0.67,1600.0,2400.0,0.67,4.0,7.0,0.57,1,1,1.0,0.0
15.67,7.33,2.14,2730.0,1262.67,2.16,1.0,3.67,0.27,3,6,0.5,0.0
5.0,3.0,1.67,480.0,288.0,1.67,3.0,1.0,3.0,1,1,1.0,1.0
15.0,10.0,1.5,2520.0,1728.0,1.46,7.0,4.8,1.46,1,5,0.2,0.0
10.0,2.0,5.0,1225.0,216.0,5.67,1.0,1.0,1.0,1,1,1.0,1.0
17.0,9.62,1.77,3360.0,1698.25,1.98,8.0,4.5,1.78,1,8,0.12,0.0
20.0,1.0,20.0,3960.0,192.0,20.62,9.0,1.0,9.0,1,1,1.0,1.0
10.0,4.0,2.5,1512.0,384.0,3.94,4.0,2.0,2.0,1,1,1.0,1.0
8.0,6.0,1.33,1350.0,600.0,2.25,4.0,3.0,1.33,1,1,1.0,1.0
20.0,9.4,2.13,4200.0,1739.2,2.41,9.0,4.4,2.05,1,5,0.2,0.0
10.6,12.5,0.85,1990.0,1800.0,1.11,4.8,1.0,4.8,5,2,2.5,1.0
11.0,14.0,0.79,1344.0,2592.0,0.52,5.0,6.0,0.83,1,1,1.0,0.0
7.0,14.0,0.5,672.0,2592.0,0.26,4.0,6.0,0.67,1,1,1.0,0.0
6.0,16.0,0.38,576.0,2079.0,0.28,3.0,7.0,0.43,1,1,1.0,0.0
16.0,5.75,2.78,2835.0,637.5,4.45,7.0,3.25,2.15,1,4,0.25,0.0
19.0,10.0,1.9,4320.0,1225.0,3.53,9.0,1.0,9.0,1,1,1.0,1.0
12.0,10.5,1.14,1512.0,1450.0,1.04,5.0,4.67,1.07,1,6,0.17,0.0
10.0,4.0,2.5,1512.0,360.0,4.2,4.0,1.0,4.0,1,1,1.0,1.0
5.8,9.25,0.63,772.8,1264.5,0.61,3.0,4.5,0.67,5,4,1.25,0.0
13.67,8.0,1.71,4032.0,900.0,4.48,6.33,1.0,6.33,3,1,3.0,1.0
8.0,14.0,0.57,1008.0,2700.0,0.37,4.0,6.0,0.67,1,1,1.0,0.0
12.0,12.6,0.95,2718.0,2253.6,1.21,5.5,6.0,0.92,4,5,0.8,0.0
4.0,6.25,0.64,435.0,730.0,0.6,2.0,3.0,0.67,2,4,0.5,0.0
1.0,7.0,0.14,180.0,900.0,0.2,1.0,4.0,0.25,1,1,1.0,0.0
7.0,10.0,0.7,765.0,1371.33,0.56,1.0,4.83,0.21,2,6,0.33,0.0
9.0,15.25,0.59,1050.0,3376.5,0.31,1.0,7.0,0.14,1,4,0.25,0.0
14.0,15.0,0.93,2268.0,2940.0,0.77,1.0,7.0,0.14,1,1,1.0,1.0
6.0,1.0,6.0,560.0,180.0,3.11,3.0,1.0,3.0,1,1,1.0,1.0
19.0,3.0,6.33,4158.0,320.0,12.99,1.0,2.0,0.5,1,1,1.0,1.0
15.0,9.0,1.67,2400.0,1008.0,2.38,7.0,1.0,7.0,1,1,1.0,1.0
17.0,9.33,1.82,4320.0,1454.5,2.97,8.0,1.0,8.0,1,6,0.17,0.0
9.67,20.0,0.48,1481.5,4400.0,0.34,4.67,1.0,4.67,6,1,6.0,1.0
6.0,19.0,0.32,540.0,4158.0,0.13,1.0,9.0,0.11,1,1,1.0,0.0
14.0,9.0,1.56,2268.0,1440.0,1.57,1.0,4.0,0.25,1,1,1.0,1.0
10.0,6.0,1.67,1536.0,900.0,1.71,4.0,3.0,1.33,1,1,1.0,1.0
1.0,18.0,0.06,180.0,4032.0,0.04,1.0,8.0,0.12,1,1,1.0,0.0
10.0,6.0,1.67,1344.0,600.0,2.24,4.0,3.0,1.33,1,1,1.0,1.0
12.0,7.0,1.71,1584.0,840.0,1.89,5.0,4.0,1.25,1,1,1.0,1.0
12.67,11.83,1.07,2688.0,1618.33,1.66,6.0,1.0,6.0,3,6,0.5,0.0
7.0,10.12,0.69,1080.0,1852.0,0.58,4.0,4.75,0.84,1,8,0.12,0.0
20.0,9.6,2.08,6048.0,1469.6,4.12,9.0,1.0,9.0,1,5,0.2,0.0
12.0,15.0,0.8,1680.0,3584.0,0.47,5.0,7.0,0.71,1,1,1.0,1.0
18.0,9.0,2.0,3339.0,1989.0,1.68,8.33,4.33,1.92,3,3,1.0,1.0
10.25,10.12,1.01,2235.75,1569.75,1.42,5.0,1.0,5.0,4,8,0.5,0.0
2.0,10.0,0.2,240.0,1512.0,0.16,1.0,4.0,0.25,1,1,1.0,0.0
11.0,17.0,0.65,1296.0,3000.0,0.43,5.0,1.0,5.0,1,1,1.0,0.0
18.0,17.0,1.06,6480.0,3150.0,2.06,8.0,1.0,8.0,1,1,1.0,1.0
13.0,16.0,0.81,2016.0,2884.0,0.7,6.0,7.5,0.8,1,2,0.5,0.0
15.0,9.14,1.64,2970.0,1388.29,2.14,7.0,1.0,7.0,1,7,0.14,0.0
13.0,11.0,1.18,1728.0,1350.0,1.28,6.0,1.0,6.0,1,1,1.0,1.0
8.0,6.33,1.26,840.0,620.0,1.35,1.0,3.0,0.33,1,3,0.33,0.0
12.62,10.5,1.2,2387.0,1830.0,1.3,1.0,5.0,0.2,8,2,4.0,1.0
13.67,10.33,1.32,3194.17,1776.0,1.8,6.5,5.0,1.3,6,3,2.0,1.0
1.0,7.33,0.14,192.0,996.0,0.19,1.0,3.67,0.27,1,3,0.33,0.0
18.0,13.0,1.38,6318.0,1750.0,3.61,8.0,6.0,1.33,1,1,1.0,1.0
9.5,14.2,0.67,1462.0,2608.0,0.56,1.0,1.0,1.0,6,5,1.2,0.0
8.0,8.0,1.0,840.0,1080.0,0.78,1.0,4.0,0.25,1,1,1.0,0.0
4.0,5.0,0.8,360.0,480.0,0.75,2.0,3.0,0.67,1,1,1.0,0.0
14.2,8.12,1.75,3111.6,1480.25,2.1,6.6,3.88,1.7,5,8,0.62,0.0
10.0,14.0,0.71,2037.0,2592.0,0.79,4.75,6.0,0.79,4,1,4.0,1.0
7.0,6.86,1.02,720.0,1030.29,0.7,4.0,3.43,1.17,1,7,0.14,0.0
10.5,10.5,1.0,1982.0,1536.5,1.29,5.0,1.0,5.0,2,4,0.5,0.0
1.0,11.0,0.09,192.0,1400.0,0.14,1.0,5.0,0.2,1,1,1.0,0.0
12.0,11.0,1.09,1680.0,2335.0,0.72,5.0,5.0,1.0,1,2,0.5,0.0
19.0,14.0,1.36,4368.0,2040.0,2.14,9.0,6.0,1.5,1,1,1.0,1.0
9.6,11.62,0.83,1620.8,1982.12,0.82,1.0,5.38,0.19,5,8,0.62,0.0
10.5,18.25,0.58,1665.0,3893.0,0.43,5.0,1.0,5.0,4,4,1.0,0.0
9.0,12.25,0.73,1040.0,1925.0,0.54,4.0,5.5,0.73,1,4,0.25,0.0
14.0,13.0,1.08,2352.0,1792.0,1.31,6.0,1.0,6.0,1,1,1.0,1.0
4.0,6.0,0.67,375.0,525.0,0.71,1.0,1.0,1.0,1,1,1.0,0.0
17.0,4.0,4.25,3456.0,360.0,9.6,1.0,1.0,1.0,1,1,1.0,1.0
19.0,11.0,1.73,4608.0,1350.0,3.41,9.0,5.0,1.8,1,1,1.0,1.0
10.75,9.8,1.1,2409.0,1121.2,2.15,5.0,1.0,5.0,4,5,0.8,1.0
14.67,12.33,1.19,2898.0,2462.67,1.18,1.0,5.83,0.17,3,6,0.5,0.0
1.0,9.0,0.11,180.0,1200.0,0.15,1.0,4.0,0.25,1,1,1.0,0.0
11.0,13.0,0.85,1680.0,2560.0,0.66,5.0,6.0,0.83,1,1,1.0,0.0
12.0,20.0,0.6,1680.0,4400.0,0.38,1.0,9.0,0.11,1,1,1.0,0.0
7.0,4.0,1.75,640.0,384.0,1.67,4.0,2.0,2.0,1,1,1.0,1.0
10.0,6.0,1.67,792.0,540.0,1.47,4.0,3.0,1.33,1,1,1.0,1.0
9.67,7.33,1.32,1809.5,1002.5,1.8,4.33,3.33,1.3,6,6,1.0,1.0
1.0,8.86,0.11,180.0,1160.0,0.16,1.0,1.0,1.0,1,7,0.14,0.0
9.0,11.0,0.82,810.0,1680.0,0.48,4.0,5.0,0.8,1,1,1.0,0.0
9.0,19.0,0.47,960.0,3840.0,0.25,4.0,9.0,0.44,1,1,1.0,0.0
9.0,8.0,1.12,1456.5,720.0,2.02,4.25,1.0,4.25,8,1,8.0,1.0
7.0,7.0,1.0,1080.0,640.0,1.69,4.0,4.0,1.0,1,1,1.0,1.0
4.0,13.0,0.31,400.0,2362.2,0.17,2.0,5.6,0.36,1,5,0.2,0.0
10.0,10.0,1.0,1260.0,960.0,1.31,1.0,4.0,0.25,1,1,1.0,0.0
4.0,2.0,2.0,360.0,240.0,1.5,2.0,1.0,2.0,1,1,1.0,1.0
8.75,10.0,0.88,1129.5,1440.0,0.78,1.0,4.0,0.25,8,1,8.0,1.0
13.0,2.0,6.5,1750.0,225.0,7.78,1.0,1.0,1.0,1,1,1.0,1.0
12.33,10.25,1.2,2595.0,1658.0,1.57,5.67,1.0,5.67,3,4,0.75,1.0
19.0,5.0,3.8,4032.0,480.0,8.4,1.0,1.0,1.0,1,1,1.0,1.0
14.0,5.0,2.8,2016.0,444.0,4.54,1.0,1.0,1.0,1,2,0.5,1.0
11.0,1.0,11.0,1134.0,180.0,6.3,1.0,1.0,1.0,1,1,1.0,1.0
14.0,18.0,0.78,1701.0,4536.0,0.38,6.0,8.0,0.75,1,1,1.0,0.0
18.0,18.0,1.0,4032.0,3240.0,1.24,8.0,1.0,8.0,1,1,1.0,1.0
4.0,20.0,0.2,360.0,4620.0,0.08,2.0,9.0,0.22,1,1,1.0,0.0
13.0,9.0,1.44,1782.0,1080.0,1.65,6.0,4.0,1.5,1,1,1.0,1.0
7.0,19.0,0.37,750.0,3528.0,0.21,1.0,1.0,1.0,1,1,1.0,0.0
14.33,12.38,1.16,3447.0,2235.75,1.54,6.5,5.62,1.16,6,8,0.75,1.0
15.0,12.0,1.25,2304.0,1323.0,1.74,1.0,1.0,1.0,1,1,1.0,1.0
10.0,1.0,10.0,1260.0,180.0,7.0,4.0,1.0,4.0,1,1,1.0,1.0
9.0,4.0,2.25,756.0,375.0,2.02,4.0,2.0,2.0,1,1,1.0,1.0
18.0,5.8,3.1,5376.0,688.8,7.8,8.0,1.0,8.0,1,5,0.2,0.0
18.0,14.0,1.29,5040.0,2560.0,1.97,8.0,6.0,1.33,1,1,1.0,1.0
7.0,12.83,0.55,1382.5,2309.0,0.6,3.5,6.0,0.58,6,6,1.0,0.0
2.0,15.0,0.13,240.0,2592.0,0.09,1.0,7.0,0.14,1,1,1.0,0.0
1.0,14.0,0.07,192.0,3136.0,0.06,1.0,6.0,0.17,1,1,1.0,0.0
14.0,19.0,0.74,2592.0,4320.0,0.6,6.0,9.0,0.67,1,1,1.0,0.0
14.0,13.0,1.08,2240.0,1600.0,1.4,1.0,1.0,1.0,1,1,1.0,1.0
19.0,1.0,19.0,4608.0,180.0,25.6,9.0,1.0,9.0,1,1,1.0,1.0
8.0,18.0,0.44,900.0,3240.0,0.28,4.0,8.0,0.5,1,1,1.0,0.0
13.0,11.0,1.18,2169.5,1750.0,1.24,6.0,5.0,1.2,4,1,4.0,1.0
20.0,10.62,1.88,5120.0,1790.75,2.86,9.0,4.75,1.89,1,8,0.12,0.0
7.0,11.12,0.63,720.0,2621.0,0.27,1.0,5.25,0.19,1,8,0.12,0.0
6.0,6.0,1.0,600.0,480.0,1.25,3.0,3.0,1.0,1,1,1.0,0.0
15.0,14.25,1.05,2550.67,2080.0,1.23,6.67,6.5,1.03,3,4,0.75,1.0
10.0,12.2,0.82,1152.0,2746.0,0.42,4.0,5.6,0.71,1,5,0.2,0.0
10.0,7.0,1.43,1511.14,1308.0,1.16,1.0,3.33,0.3,7,3,2.33,1.0
3.0,13.0,0.23,288.0,2336.0,0.12,2.0,1.0,2.0,1,5,0.2,0.0
16.0,7.0,2.29,2700.0,672.0,4.02,7.0,4.0,1.75,1,1,1.0,1.0
5.0,8.0,0.62,480.0,1257.0,0.38,3.0,3.75,0.8,1,4,0.25,0.0
5.0,12.0,0.42,420.0,2038.67,0.21,3.0,1.0,3.0,1,3,0.33,0.0
10.0,12.5,0.8,1813.0,2237.67,0.81,4.62,5.83,0.79,8,6,1.33,0.0
8.71,12.0,0.73,1402.57,1848.0,0.76,1.0,5.0,0.2,7,2,3.5,1.0
10.8,9.57,1.13,2112.0,1587.43,1.33,5.2,1.0,5.2,5,7,0.71,1.0
10.0,14.0,0.71,1008.0,3136.0,0.32,4.0,6.0,0.67,1,1,1.0,0.0
16.0,7.2,2.22,2592.0,844.8,3.07,7.0,1.0,7.0,1,5,0.2,0.0
17.0,9.0,1.89,3150.0,960.0,3.28,1.0,4.0,0.25,1,1,1.0,1.0
13.0,12.0,1.08,2016.0,1512.0,1.33,1.0,5.0,0.2,1,1,1.0,1.0
13.0,10.0,1.3,2646.0,1680.0,1.57,6.0,4.0,1.5,1,1,1.0,1.0
4.0,15.0,0.27,360.0,3185.2,0.11,2.0,6.8,0.29,1,5,0.2,0.0
5.0,2.0,2.5,500.0,240.0,2.08,3.0,1.0,3.0,1,1,1.0,1.0
7.43,12.0,0.62,1006.71,1969.0,0.51,3.29,1.0,3.29,7,8,0.88,0.0
13.0,14.0,0.93,1890.0,2520.0,0.75,6.0,6.0,1.0,1,1,1.0,1.0
4.0,5.0,0.8,360.0,720.0,0.5,1.0,3.0,0.33,1,1,1.0,0.0
11.0,16.0,0.69,1512.0,2695.0,0.56,5.0,7.0,0.71,1,1,1.0,0.0
8.43,9.0,0.94,1140.86,1306.67,0.87,4.140000000000001,1.0,4.14,7,3,2.33,1.0
8.0,9.67,0.83,1802.67,1571.67,1.15,1.0,4.5,0.22,3,6,0.5,0.0
13.0,15.0,0.87,1890.0,2744.0,0.69,6.0,1.0,6.0,1,1,1.0,1.0
19.0,11.5,1.65,4158.0,2053.5,2.02,1.0,5.17,0.19,1,6,0.17,0.0
5.0,4.0,1.25,450.0,360.0,1.25,3.0,2.0,1.5,1,1,1.0,0.0
9.75,16.0,0.61,1560.0,3048.0,0.51,4.25,7.0,0.61,4,2,2.0,1.0
10.0,6.0,1.67,1260.0,504.0,2.5,4.0,3.0,1.33,1,1,1.0,1.0
20.0,10.17,1.97,4000.0,2294.17,1.74,9.0,4.67,1.93,1,6,0.17,0.0
3.0,14.0,0.21,375.0,2940.0,0.13,2.0,6.0,0.33,1,1,1.0,0.0
19.0,3.0,6.33,5832.0,300.0,19.44,9.0,1.0,9.0,1,1,1.0,1.0
10.0,5.0,2.0,1080.0,384.0,2.81,4.0,1.0,4.0,1,1,1.0,1.0
3.0,13.0,0.23,288.0,2058.0,0.14,2.0,6.0,0.33,1,1,1.0,0.0
11.0,15.0,0.73,1890.0,2688.0,0.7,5.0,1.0,5.0,1,1,1.0,0.0
17.0,9.25,1.84,4160.0,1514.62,2.75,8.0,4.25,1.88,1,8,0.12,0.0
18.0,11.71,1.54,5280.0,2217.0,2.38,8.0,5.29,1.51,1,7,0.14,0.0
2.0,18.0,0.11,256.0,3300.0,0.08,1.0,8.0,0.12,1,1,1.0,0.0
16.0,17.0,0.94,2464.0,2880.0,0.86,1.0,1.0,1.0,1,1,1.0,0.0
4.0,8.0,0.5,480.0,735.0,0.65,2.0,4.0,0.5,1,1,1.0,0.0
1.0,15.0,0.07,180.0,3360.0,0.05,1.0,7.0,0.14,1,1,1.0,0.0
10.0,15.14,0.66,1260.0,3037.71,0.41,1.0,6.86,0.15,1,7,0.14,0.0
9.71,8.0,1.21,1529.14,1115.0,1.37,4.57,1.0,4.57,7,2,3.5,1.0
9.0,13.0,0.69,1050.0,1890.0,0.56,1.0,6.0,0.17,1,1,1.0,0.0
19.0,18.0,1.06,4608.0,3564.0,1.29,1.0,8.0,0.12,1,1,1.0,0.0
7.0,9.0,0.78,720.0,1050.0,0.69,1.0,1.0,1.0,1,1,1.0,0.0
12.0,7.0,1.71,2016.0,1152.0,1.75,5.0,4.0,1.25,1,1,1.0,1.0
20.0,9.83,2.03,4752.0,1664.67,2.85,1.0,4.5,0.22,1,6,0.17,0.0
10.0,14.0,0.71,1688.0,2000.0,0.84,1.0,6.0,0.17,3,1,3.0,1.0
11.0,13.33,0.83,1575.0,3120.0,0.5,1.0,6.33,0.16,2,3,0.67,0.0
17.0,18.0,0.94,4410.0,4032.0,1.09,8.0,8.0,1.0,1,1,1.0,0.0
13.2,13.0,1.02,1753.4,2030.0,0.86,1.0,6.5,0.15,5,2,2.5,1.0
5.0,11.0,0.45,480.0,2016.0,0.24,3.0,5.0,0.6,1,1,1.0,0.0
19.0,12.0,1.58,3456.0,1714.0,2.02,1.0,5.5,0.18,1,4,0.25,0.0
12.0,15.0,0.8,2160.0,2646.0,0.82,5.0,7.0,0.71,1,1,1.0,0.0
12.0,4.0,3.0,1512.0,384.0,3.94,1.0,2.0,0.5,1,1,1.0,1.0
16.0,12.0,1.33,3360.0,1890.0,1.78,7.0,5.0,1.4,1,1,1.0,1.0
7.25,12.5,0.58,1080.38,2616.0,0.41,1.0,6.0,0.17,8,2,4.0,1.0
17.0,6.0,2.83,3528.0,560.0,6.3,8.0,3.0,2.67,1,1,1.0,1.0
4.5,9.71,0.46,615.0,1624.86,0.38,2.5,4.71,0.53,2,7,0.29,0.0
12.2,8.83,1.38,1812.4,1438.17,1.26,1.0,4.17,0.24,5,6,0.83,0.0
6.0,10.57,0.57,560.0,1979.57,0.28,1.0,4.859999999999999,0.21,1,7,0.14,0.0
15.0,10.0,1.5,2560.0,1008.0,2.54,7.0,1.0,7.0,1,1,1.0,1.0
11.0,18.0,0.61,1372.0,3888.0,0.35,5.0,1.0,5.0,1,1,1.0,0.0
14.0,7.0,2.0,2352.0,651.0,3.61,1.0,1.0,1.0,1,2,0.5,1.0
4.0,10.8,0.37,432.0,1731.6,0.25,2.0,1.0,2.0,1,5,0.2,0.0
7.0,4.0,1.75,486.0,315.0,1.54,1.0,2.0,0.5,1,1,1.0,0.0
13.0,1.0,13.0,2016.0,180.0,11.2,6.0,1.0,6.0,1,1,1.0,1.0
14.0,11.0,1.27,2240.0,1440.0,1.56,1.0,1.0,1.0,1,1,1.0,1.0
11.0,19.0,0.58,1344.0,6048.0,0.22,1.0,9.0,0.11,1,1,1.0,0.0
14.67,14.0,1.05,3616.0,3344.0,1.08,6.67,6.33,1.05,3,3,1.0,1.0
2.0,10.29,0.19,256.0,2003.57,0.13,1.0,5.0,0.2,1,7,0.14,0.0
10.12,11.67,0.87,1885.5,1608.33,1.17,4.75,5.33,0.89,8,3,2.67,1.0
16.0,13.0,1.23,3200.0,1792.0,1.79,7.0,6.0,1.17,1,1,1.0,1.0
19.0,11.38,1.67,5292.0,1862.88,2.84,9.0,5.25,1.71,1,8,0.12,0.0
11.8,10.62,1.11,1733.2,2349.0,0.74,5.4,5.0,1.08,5,8,0.62,0.0
13.0,11.0,1.18,3066.67,2160.0,1.42,6.0,5.0,1.2,3,1,3.0,1.0
9.0,9.57,0.94,1080.0,1563.71,0.69,1.0,1.0,1.0,1,7,0.14,0.0
2.0,9.33,0.21,216.0,1267.33,0.17,1.0,4.33,0.23,1,6,0.17,0.0
5.0,4.0,1.25,500.0,480.0,1.04,1.0,2.0,0.5,1,1,1.0,0.0
16.8,16.75,1.0,3451.2,3190.0,1.08,1.0,1.0,1.0,5,4,1.25,1.0
20.0,4.0,5.0,5940.0,360.0,16.5,9.0,2.0,4.5,1,1,1.0,1.0
12.0,10.5,1.14,1620.0,1870.5,0.87,5.0,1.0,5.0,1,4,0.25,0.0
3.0,10.0,0.3,300.0,1680.0,0.18,1.0,4.0,0.25,1,1,1.0,0.0
19.0,7.0,2.71,4536.0,972.0,4.67,9.0,4.0,2.25,1,1,1.0,1.0
19.0,12.38,1.53,5670.0,2260.5,2.51,9.0,1.0,9.0,1,8,0.12,0.0
9.71,18.0,0.54,2019.43,4392.0,0.46,4.71,8.0,0.59,7,2,3.5,1.0
5.0,16.0,0.31,720.0,2475.0,0.29,3.0,7.0,0.43,1,1,1.0,0.0
1.0,4.0,0.25,180.0,375.0,0.48,1.0,2.0,0.5,1,1,1.0,0.0
10.0,14.0,0.71,1440.0,2100.0,0.69,4.0,6.0,0.67,1,1,1.0,1.0
10.0,20.0,0.5,1260.0,5040.0,0.25,4.0,1.0,4.0,1,1,1.0,0.0
11.0,9.0,1.22,1800.0,1800.0,1.0,5.0,4.0,1.25,1,1,1.0,0.0
8.0,8.43,0.95,1107.71,1272.0,0.87,3.71,4.0,0.93,7,7,1.0,0.0
19.0,17.0,1.12,3640.0,3360.0,1.08,1.0,1.0,1.0,1,1,1.0,1.0
6.5,13.86,0.47,714.0,2652.0,0.27,1.0,6.29,0.16,4,7,0.57,0.0
13.2,19.0,0.69,2131.6,5544.0,0.38,1.0,9.0,0.11,5,1,5.0,1.0
19.0,13.8,1.38,5280.0,2416.2,2.19,9.0,1.0,9.0,1,5,0.2,0.0
6.5,9.17,0.71,675.0,2528.5,0.27,1.0,4.5,0.22,4,6,0.67,0.0
8.0,12.8,0.62,800.0,2399.8,0.33,4.0,5.8,0.69,1,5,0.2,0.0
9.12,12.0,0.76,1690.0,2337.0,0.72,4.38,5.67,0.77,8,3,2.67,1.0
12.0,14.67,0.82,1620.0,2936.0,0.55,5.0,6.67,0.75,1,3,0.33,0.0
10.5,12.57,0.84,1838.67,2172.14,0.85,4.83,5.71,0.85,6,7,0.86,1.0
11.0,8.62,1.28,1280.0,1332.62,0.96,5.0,1.0,5.0,1,8,0.12,0.0
12.0,11.0,1.09,1620.0,1350.0,1.2,1.0,5.0,0.2,1,1,1.0,0.0
11.0,8.0,1.38,1344.0,1008.0,1.33,5.0,4.0,1.25,1,1,1.0,1.0
4.0,12.0,0.33,400.0,1558.4,0.26,1.0,5.4,0.19,1,5,0.2,0.0
8.0,15.67,0.51,1200.0,3564.83,0.34,4.0,7.33,0.55,1,6,0.17,0.0
10.0,17.0,0.59,1280.0,4680.0,0.27,4.0,8.0,0.5,1,1,1.0,0.0
18.0,9.0,2.0,3528.0,1438.25,2.45,8.0,4.25,1.88,1,8,0.12,0.0
13.67,11.14,1.23,3254.0,2284.71,1.42,6.67,5.29,1.26,3,7,0.43,0.0
12.0,8.4,1.43,1600.0,1527.2,1.05,5.0,4.0,1.25,1,5,0.2,0.0
10.0,20.0,0.5,1120.0,5120.0,0.22,1.0,1.0,1.0,1,1,1.0,0.0
14.67,10.0,1.47,3018.0,2083.0,1.45,6.33,4.67,1.36,3,3,1.0,1.0
10.0,1.0,10.0,1680.0,180.0,9.33,4.0,1.0,4.0,1,1,1.0,1.0
3.0,11.0,0.27,320.0,1685.0,0.19,2.0,1.0,2.0,1,6,0.17,0.0
19.0,12.0,1.58,4608.0,1680.0,2.74,9.0,5.0,1.8,1,1,1.0,1.0
17.0,9.0,1.89,2880.0,960.0,3.0,8.0,1.0,8.0,1,1,1.0,1.0
15.0,5.0,3.0,2520.0,450.0,5.6,1.0,3.0,0.33,1,1,1.0,1.0
1.0,11.75,0.09,180.0,1667.38,0.11,1.0,1.0,1.0,1,8,0.12,0.0
8.0,14.0,0.57,864.0,2304.0,0.38,1.0,6.0,0.17,1,1,1.0,0.0
20.0,9.0,2.22,4160.0,1200.0,3.47,9.0,4.0,2.25,1,1,1.0,1.0
1.0,18.0,0.06,162.0,5376.0,0.03,1.0,8.0,0.12,1,1,1.0,0.0
17.0,7.0,2.43,3024.0,720.0,4.2,1.0,4.0,0.25,1,1,1.0,1.0
16.0,16.0,1.0,3888.0,2560.0,1.52,7.0,1.0,7.0,1,1,1.0,1.0
4.0,7.25,0.55,384.0,1092.5,0.35,2.0,3.75,0.53,1,4,0.25,0.0
10.0,8.0,1.25,1000.0,900.0,1.11,1.0,4.0,0.25,1,1,1.0,0.0
11.0,7.0,1.57,1344.0,960.0,1.4,5.0,4.0,1.25,1,1,1.0,1.0
9.0,18.0,0.5,1728.0,4400.0,0.39,4.0,8.0,0.5,1,1,1.0,0.0
20.0,17.0,1.18,6144.0,2184.0,2.81,9.0,8.0,1.12,1,1,1.0,1.0
1.0,6.0,0.17,192.0,560.0,0.34,1.0,3.0,0.33,1,1,1.0,0.0
9.5,8.0,1.19,1638.0,900.0,1.82,4.5,1.0,4.5,2,1,2.0,1.0
11.17,13.8,0.81,1828.0,2136.8,0.86,5.17,1.0,5.17,6,5,1.2,1.0
8.0,18.0,0.44,972.0,3645.0,0.27,4.0,1.0,4.0,1,1,1.0,0.0
7.0,3.0,2.33,900.0,320.0,2.81,4.0,2.0,2.0,1,1,1.0,1.0
8.0,6.0,1.33,1440.0,720.0,2.0,4.0,3.0,1.33,1,1,1.0,1.0
18.0,10.5,1.71,3797.5,2748.0,1.38,8.0,5.0,1.6,2,2,1.0,0.0
5.0,14.0,0.36,450.0,1800.0,0.25,3.0,6.0,0.5,1,1,1.0,0.0
1.0,14.0,0.07,180.0,2160.0,0.08,1.0,6.0,0.17,1,1,1.0,0.0
4.0,10.25,0.39,336.0,1767.0,0.19,2.0,4.75,0.42,1,4,0.25,0.0
9.0,15.0,0.6,1080.0,1950.0,0.55,1.0,7.0,0.14,1,1,1.0,0.0
17.0,12.67,1.34,4536.0,2211.17,2.05,8.0,5.67,1.41,1,6,0.17,0.0
7.4,15.0,0.49,860.4,2450.0,0.35,3.8,7.0,0.54,5,1,5.0,1.0
17.0,17.0,1.0,3234.0,4320.0,0.75,1.0,8.0,0.12,1,1,1.0,0.0
4.0,8.33,0.48,336.0,1406.67,0.24,1.0,4.17,0.24,1,6,0.17,0.0
11.86,12.0,0.99,1967.71,1615.0,1.22,5.29,5.5,0.96,7,4,1.75,1.0
13.0,9.5,1.37,2016.0,1554.0,1.3,6.0,4.5,1.33,1,4,0.25,0.0
20.0,12.0,1.67,7200.0,1680.0,4.29,9.0,5.0,1.8,1,1,1.0,1.0
5.0,2.0,2.5,480.0,240.0,2.0,3.0,1.0,3.0,1,1,1.0,1.0
10.0,7.5,1.33,1576.25,805.5,1.96,4.62,3.5,1.32,8,2,4.0,1.0
10.25,14.67,0.7,1883.25,3052.33,0.62,5.0,6.5,0.77,4,6,0.67,0.0
16.0,4.0,4.0,3024.0,360.0,8.4,1.0,1.0,1.0,1,1,1.0,1.0
5.0,9.17,0.55,448.0,1155.33,0.39,3.0,4.17,0.72,1,6,0.17,0.0
7.0,10.0,0.7,720.0,972.0,0.74,4.0,1.0,4.0,1,1,1.0,1.0
11.0,11.25,0.98,1728.0,1968.5,0.88,5.0,5.12,0.98,1,8,0.12,0.0
9.5,5.5,1.73,1464.0,708.5,2.07,1.0,2.5,0.4,2,2,1.0,0.0
6.0,16.0,0.38,576.0,2916.0,0.2,1.0,7.0,0.14,1,1,1.0,0.0
10.0,17.0,0.59,1008.0,3240.0,0.31,4.0,8.0,0.5,1,1,1.0,0.0
9.0,11.62,0.77,1318.5,1737.75,0.76,4.0,1.0,4.0,2,8,0.25,0.0
12.0,13.0,0.92,2000.0,2016.0,0.99,5.0,6.0,0.83,1,1,1.0,0.0
7.0,11.0,0.64,576.0,1350.0,0.43,4.0,5.0,0.8,1,1,1.0,1.0
18.0,1.0,18.0,5096.0,180.0,28.31,8.0,1.0,8.0,1,1,1.0,1.0
8.0,18.0,0.44,960.0,4862.0,0.2,4.0,8.0,0.5,1,2,0.5,0.0
10.0,10.25,0.98,1008.0,2060.0,0.49,1.0,4.75,0.21,1,4,0.25,0.0
1.0,3.0,0.33,192.0,288.0,0.67,1.0,1.0,1.0,1,1,1.0,0.0
11.0,11.0,1.0,1944.0,1515.0,1.28,5.0,1.0,5.0,1,2,0.5,0.0
12.0,10.0,1.2,2916.0,1176.0,2.48,5.0,4.0,1.25,1,1,1.0,1.0
12.0,15.6,0.77,2100.0,3341.2,0.63,5.0,7.0,0.71,1,5,0.2,0.0
2.0,2.0,1.0,240.0,240.0,1.0,1.0,1.0,1.0,1,1,1.0,0.0
5.0,14.0,0.36,500.0,3024.0,0.17,3.0,6.0,0.5,1,1,1.0,0.0
17.0,16.0,1.06,2880.0,2160.0,1.33,8.0,7.0,1.14,1,1,1.0,0.0
2.0,13.83,0.14,225.0,3326.67,0.07,1.0,6.33,0.16,1,6,0.17,0.0
20.0,7.29,2.74,4800.0,1121.86,4.28,1.0,3.43,0.29,1,7,0.14,0.0
14.0,9.0,1.56,2880.0,1050.0,2.74,6.0,4.0,1.5,1,1,1.0,1.0
5.0,17.0,0.29,360.0,3150.0,0.11,1.0,1.0,1.0,1,1,1.0,0.0
9.0,10.0,0.9,1400.0,1440.0,0.97,4.0,4.0,1.0,1,1,1.0,1.0
11.0,8.0,1.38,1344.0,900.0,1.49,5.0,4.0,1.25,1,1,1.0,1.0
16.0,10.0,1.6,2640.0,1658.0,1.59,1.0,4.75,0.21,1,4,0.25,0.0
16.0,8.0,2.0,3276.0,1000.0,3.28,7.0,4.0,1.75,1,1,1.0,1.0
8.0,15.0,0.53,735.0,2880.0,0.26,4.0,7.0,0.57,1,1,1.0,0.0
1.0,20.0,0.05,192.0,5040.0,0.04,1.0,1.0,1.0,1,1,1.0,0.0
14.0,12.0,1.17,2025.0,1440.0,1.41,6.0,5.0,1.2,1,1,1.0,1.0
19.0,15.0,1.27,4224.0,1872.0,2.26,1.0,1.0,1.0,1,1,1.0,1.0
1.0,8.67,0.12,180.0,977.33,0.18,1.0,4.0,0.25,1,3,0.33,0.0
14.5,12.33,1.18,2410.5,1793.0,1.34,6.5,5.33,1.22,4,3,1.33,1.0
6.0,5.33,1.13,480.0,812.0,0.59,3.0,2.67,1.12,1,3,0.33,0.0
6.0,4.0,1.5,965.0,360.0,2.68,3.0,1.0,3.0,4,1,4.0,1.0
20.0,9.43,2.12,4851.0,1205.14,4.03,9.0,1.0,9.0,1,7,0.14,0.0
9.0,9.83,0.92,900.0,2099.33,0.43,4.0,4.5,0.89,2,6,0.33,0.0
12.0,8.0,1.5,1800.0,1080.71,1.67,5.0,1.0,5.0,1,7,0.14,0.0
7.0,12.75,0.55,720.0,2324.0,0.31,1.0,1.0,1.0,1,4,0.25,0.0
14.0,11.62,1.2,3072.0,1899.12,1.62,6.0,5.5,1.09,1,8,0.12,0.0
7.0,7.0,1.0,1152.0,755.0,1.53,4.0,3.33,1.2,1,3,0.33,0.0
10.0,12.0,0.83,1877.5,2385.0,0.79,4.67,6.0,0.78,6,2,3.0,1.0
17.0,20.0,0.85,3528.0,5616.0,0.63,1.0,9.0,0.11,1,1,1.0,1.0
8.17,9.67,0.84,1202.5,1482.0,0.81,3.67,4.67,0.79,6,3,2.0,1.0
17.0,17.0,1.0,3360.0,4608.0,0.73,1.0,8.0,0.12,1,1,1.0,0.0
5.0,15.0,0.33,432.0,2520.0,0.17,1.0,1.0,1.0,1,1,1.0,0.0
6.0,16.0,0.38,525.0,2592.0,0.2,3.0,1.0,3.0,1,1,1.0,0.0
19.0,11.0,1.73,4312.0,1389.0,3.1,9.0,1.0,9.0,1,2,0.5,1.0
12.0,19.0,0.63,1800.0,3850.0,0.47,5.0,9.0,0.56,1,1,1.0,0.0
12.0,11.75,1.02,1764.0,2112.5,0.84,1.0,5.5,0.18,2,8,0.25,0.0
8.86,8.0,1.11,1109.71,1452.0,0.76,1.0,4.140000000000001,0.24,7,7,1.0,0.0
4.0,13.0,0.31,360.0,1248.0,0.29,2.0,1.0,2.0,1,1,1.0,0.0
6.0,7.33,0.82,600.0,800.0,0.75,3.0,3.33,0.9,1,3,0.33,0.0
10.0,9.5,1.05,825.0,1620.0,0.51,4.0,4.5,0.89,1,2,0.5,0.0
11.0,13.5,0.81,1200.0,2888.62,0.42,5.0,6.25,0.8,1,8,0.12,0.0
8.0,2.0,4.0,768.0,225.0,3.41,4.0,1.0,4.0,1,1,1.0,1.0
4.0,11.25,0.36,360.0,1943.5,0.19,2.0,5.0,0.4,1,4,0.25,0.0
7.0,3.0,2.33,600.0,320.0,1.88,4.0,2.0,2.0,1,1,1.0,1.0
17.5,8.6,2.03,3478.0,1357.2,2.56,8.0,4.0,2.0,2,5,0.4,0.0
10.71,11.2,0.96,2119.43,2303.2,0.92,4.859999999999999,5.4,0.9,7,5,1.4,1.0
19.0,12.0,1.58,4410.0,1680.0,2.62,1.0,1.0,1.0,1,1,1.0,1.0
14.0,13.0,1.08,2520.0,2016.0,1.25,6.0,1.0,6.0,2,1,2.0,1.0
15.0,12.0,1.25,2450.0,2100.0,1.17,7.0,5.0,1.4,1,1,1.0,0.0
13.0,10.29,1.26,1972.0,1715.57,1.15,5.67,4.57,1.24,3,7,0.43,0.0
8.0,16.0,0.5,864.0,2772.0,0.31,1.0,7.0,0.14,1,1,1.0,0.0
17.0,20.0,0.85,2520.0,5082.0,0.5,8.0,9.0,0.89,1,1,1.0,0.0
2.0,12.6,0.16,240.0,2599.2,0.09,1.0,5.8,0.17,1,5,0.2,0.0
16.0,12.0,1.33,3024.0,2016.0,1.5,7.0,5.0,1.4,1,1,1.0,1.0
18.0,4.0,4.5,3888.0,336.0,11.57,1.0,1.0,1.0,1,1,1.0,1.0
10.0,9.0,1.11,1260.0,1281.75,0.98,4.0,1.0,4.0,1,8,0.12,0.0
8.0,10.0,0.8,1050.0,1029.0,1.02,4.0,1.0,4.0,1,1,1.0,1.0
1.0,9.0,0.11,180.0,959.0,0.19,1.0,4.25,0.24,1,4,0.25,0.0
11.25,13.38,0.84,2393.5,2945.5,0.81,5.38,6.0,0.9,8,8,1.0,0.0
16.0,6.0,2.67,3696.0,600.0,6.16,7.0,3.0,2.33,1,1,1.0,1.0
18.0,12.0,1.5,5600.0,2005.5,2.79,8.0,5.5,1.45,1,4,0.25,0.0
7.0,18.0,0.39,504.0,3696.0,0.14,4.0,8.0,0.5,1,1,1.0,0.0
6.0,17.0,0.35,576.0,4095.0,0.14,3.0,8.0,0.38,1,1,1.0,0.0
19.0,6.0,3.17,4896.0,576.0,8.5,9.0,3.0,3.0,1,1,1.0,1.0
14.0,19.0,0.74,2940.0,3456.0,0.85,6.0,9.0,0.67,1,1,1.0,0.0
10.5,10.67,0.98,2162.12,2284.0,0.95,4.88,5.0,0.98,8,3,2.67,1.0
18.0,12.0,1.5,3240.0,2400.0,1.35,8.0,5.0,1.6,1,1,1.0,1.0
14.0,9.0,1.56,2000.0,1400.0,1.43,6.0,4.0,1.5,1,1,1.0,1.0
7.83,17.25,0.45,1040.0,3826.5,0.27,3.83,7.75,0.49,6,4,1.5,0.0
1.0,6.0,0.17,180.0,504.0,0.36,1.0,3.0,0.33,1,1,1.0,0.0
16.0,13.0,1.23,2700.0,2520.0,1.07,1.0,6.0,0.17,1,1,1.0,1.0
15.0,14.67,1.02,2400.0,2986.67,0.8,7.0,6.67,1.05,1,3,0.33,0.0
3.0,2.0,1.5,320.0,256.0,1.25,2.0,1.0,2.0,1,1,1.0,1.0
8.0,2.0,4.0,900.0,240.0,3.75,4.0,1.0,4.0,1,1,1.0,1.0
20.0,14.0,1.43,5040.0,2016.0,2.5,1.0,1.0,1.0,1,1,1.0,1.0
8.0,15.0,0.53,768.0,1848.0,0.42,1.0,1.0,1.0,1,1,1.0,1.0
10.0,4.0,2.5,1200.0,432.0,2.78,4.0,2.0,2.0,1,1,1.0,1.0
9.0,1.0,9.0,960.0,192.0,5.0,4.0,1.0,4.0,1,1,1.0,1.0
12.14,11.14,1.09,1781.71,1775.43,1.0,5.29,1.0,5.29,7,7,1.0,1.0
12.0,8.0,1.5,1512.0,840.0,1.8,5.0,4.0,1.25,1,1,1.0,1.0
6.0,7.0,0.86,480.0,720.0,0.67,3.0,4.0,0.75,1,1,1.0,0.0
3.0,9.0,0.33,300.0,1008.0,0.3,1.0,1.0,1.0,1,1,1.0,0.0
14.4,8.5,1.69,2652.0,1550.0,1.71,6.4,4.0,1.6,5,2,2.5,1.0
3.0,17.0,0.18,384.0,3528.0,0.11,2.0,8.0,0.25,1,1,1.0,0.0
12.67,7.33,1.73,2096.0,1198.33,1.75,6.0,3.67,1.63,3,6,0.5,0.0
16.0,6.0,2.67,3024.0,841.5,3.59,1.0,3.0,0.33,1,4,0.25,0.0
13.29,9.0,1.48,3174.29,896.0,3.54,6.0,4.0,1.5,7,1,7.0,1.0
10.5,8.83,1.19,1210.0,1742.33,0.69,1.0,4.0,0.25,2,6,0.33,0.0
13.0,5.0,2.6,2646.0,576.0,4.59,6.0,3.0,2.0,1,1,1.0,1.0
8.0,4.5,1.78,1344.0,432.0,3.11,4.0,1.0,4.0,1,2,0.5,1.0
14.0,14.0,1.0,2016.0,2434.0,0.83,6.0,1.0,6.0,1,3,0.33,0.0
15.0,20.0,0.75,2772.0,5120.0,0.54,7.0,9.0,0.78,1,1,1.0,1.0
10.8,17.5,0.62,1964.0,3564.0,0.55,1.0,1.0,1.0,5,2,2.5,1.0
13.0,18.0,0.72,1792.0,5040.0,0.36,1.0,8.0,0.12,1,1,1.0,0.0
8.62,2.0,4.31,1458.0,256.0,5.7,4.12,1.0,4.12,8,1,8.0,1.0
9.0,6.0,1.5,1080.0,540.0,2.0,4.0,3.0,1.33,1,1,1.0,1.0
15.0,18.0,0.83,2592.0,5040.0,0.51,7.0,8.0,0.88,1,1,1.0,0.0
18.0,17.0,1.06,2904.0,4320.0,0.67,8.0,8.0,1.0,1,1,1.0,0.0
14.14,10.5,1.35,2711.0,1500.0,1.81,1.0,5.0,0.2,7,2,3.5,1.0
13.0,12.67,1.03,1960.0,2946.67,0.67,1.0,6.0,0.17,1,3,0.33,0.0
18.0,4.0,4.5,5120.0,400.0,12.8,8.0,2.0,4.0,1,1,1.0,1.0
15.0,16.0,0.94,2112.0,4118.8,0.51,7.0,7.2,0.97,1,5,0.2,0.0
20.0,5.0,4.0,4536.0,480.0,9.45,1.0,1.0,1.0,1,1,1.0,1.0
5.0,12.33,0.41,450.0,3250.0,0.14,1.0,5.67,0.18,1,3,0.33,0.0
8.0,7.0,1.14,756.0,792.0,0.95,1.0,1.0,1.0,1,4,0.25,0.0
9.0,9.86,0.91,1134.0,1580.0,0.72,4.0,4.57,0.88,1,7,0.14,0.0
12.75,20.0,0.64,2485.5,4928.0,0.5,5.75,1.0,5.75,4,1,4.0,1.0
10.0,12.0,0.83,1225.0,2268.0,0.54,1.0,5.0,0.2,1,1,1.0,0.0
10.25,9.0,1.14,1316.62,1830.86,0.72,4.38,4.43,0.99,8,7,1.14,1.0
13.0,11.0,1.18,2880.0,1470.0,1.96,6.0,5.0,1.2,1,1,1.0,0.0
16.0,13.0,1.23,3822.0,2880.0,1.33,7.0,6.0,1.17,1,1,1.0,0.0
11.4,9.0,1.27,2802.6,1068.0,2.62,5.2,4.0,1.3,5,3,1.67,1.0
10.67,11.29,0.95,1837.5,2108.86,0.87,4.83,5.29,0.91,6,7,0.86,0.0
7.0,14.0,0.5,540.0,2100.0,0.26,4.0,6.0,0.67,1,1,1.0,0.0
16.0,15.0,1.07,2184.0,2787.0,0.78,7.0,1.0,7.0,1,4,0.25,0.0
7.0,8.75,0.8,630.0,1663.75,0.38,4.0,1.0,4.0,1,4,0.25,0.0
2.0,9.5,0.21,240.0,1533.33,0.16,1.0,4.5,0.22,1,6,0.17,0.0
17.0,11.33,1.5,3168.0,1770.33,1.79,1.0,1.0,1.0,1,3,0.33,0.0
10.0,10.71,0.93,1870.0,1946.57,0.96,4.67,5.14,0.91,3,7,0.43,0.0
8.0,10.0,0.8,800.0,1350.0,0.59,4.0,4.0,1.0,1,1,1.0,0.0
7.0,3.0,2.33,864.0,300.0,2.88,4.0,2.0,2.0,1,1,1.0,1.0
9.0,13.25,0.68,1770.0,2743.5,0.65,4.5,5.88,0.77,4,8,0.5,0.0
2.0,5.0,0.4,240.0,640.0,0.38,1.0,3.0,0.33,1,1,1.0,0.0
7.5,8.5,0.88,966.0,1343.0,0.72,3.5,4.0,0.88,2,4,0.5,0.0
6.0,20.0,0.3,560.0,4752.0,0.12,3.0,9.0,0.33,1,1,1.0,0.0
6.0,12.33,0.49,560.0,2634.67,0.21,3.0,5.67,0.53,1,3,0.33,0.0
9.62,15.0,0.64,1379.38,4590.0,0.3,4.25,6.5,0.65,8,2,4.0,1.0
16.0,8.6,1.86,2500.0,1213.6,2.06,7.0,1.0,7.0,1,5,0.2,0.0
18.0,12.5,1.44,3780.0,2214.0,1.71,1.0,5.5,0.18,1,8,0.12,0.0
15.29,2.0,7.64,3103.86,240.0,12.93,1.0,1.0,1.0,7,1,7.0,1.0
7.0,20.0,0.35,720.0,4400.0,0.16,4.0,9.0,0.44,1,1,1.0,0.0
6.0,16.0,0.38,700.0,2520.0,0.28,3.0,1.0,3.0,1,1,1.0,0.0
2.0,17.0,0.12,240.0,2880.0,0.08,1.0,1.0,1.0,1,1,1.0,0.0
2.0,11.0,0.18,216.0,2240.0,0.1,1.0,5.0,0.2,1,1,1.0,0.0
12.17,11.25,1.08,2075.5,1848.5,1.12,1.0,1.0,1.0,6,4,1.5,1.0
6.0,6.0,1.0,960.0,600.0,1.6,3.0,1.0,3.0,1,1,1.0,1.0
12.0,10.8,1.11,3664.0,2158.4,1.7,5.33,5.2,1.02,3,5,0.6,0.0
8.0,10.25,0.78,672.0,2160.25,0.31,4.0,4.75,0.84,1,4,0.25,0.0
16.0,16.0,1.0,3024.0,3780.0,0.8,1.0,7.0,0.14,1,1,1.0,0.0
17.0,10.0,1.7,2772.0,1800.0,1.54,8.0,4.0,2.0,1,1,1.0,0.0
6.0,5.0,1.2,720.0,560.0,1.29,3.0,2.67,1.12,1,3,0.33,0.0
10.0,12.57,0.8,1200.0,2327.71,0.52,4.0,6.14,0.65,1,7,0.14,0.0
9.5,8.0,1.19,1728.0,675.0,2.56,1.0,4.0,0.25,2,1,2.0,1.0
5.0,13.0,0.38,448.0,2688.0,0.17,3.0,6.0,0.5,1,1,1.0,0.0
2.0,6.6,0.3,216.0,720.0,0.3,1.0,3.0,0.33,1,5,0.2,0.0
13.0,10.0,1.3,2400.0,1440.0,1.67,6.0,4.0,1.5,1,1,1.0,1.0
13.0,19.0,0.68,1792.0,5670.0,0.32,6.0,9.0,0.67,1,1,1.0,0.0
9.0,1.0,9.0,980.0,192.0,5.1,4.0,1.0,4.0,1,1,1.0,1.0
10.14,14.0,0.72,1808.43,3280.0,0.55,4.859999999999999,6.0,0.81,7,2,3.5,1.0
14.0,7.38,1.9,2352.0,1214.12,1.94,6.0,3.5,1.71,1,8,0.12,0.0
10.6,12.0,0.88,2298.0,1935.6,1.19,5.2,1.0,5.2,5,5,1.0,1.0
2.0,10.67,0.19,240.0,1615.17,0.15,1.0,4.67,0.21,1,6,0.17,0.0
8.0,13.17,0.61,1045.5,2393.33,0.44,3.75,6.17,0.61,4,6,0.67,0.0
13.0,10.0,1.3,1920.0,1260.0,1.52,6.0,1.0,6.0,1,1,1.0,1.0
16.0,6.0,2.67,3024.0,525.0,5.76,7.0,3.0,2.33,1,1,1.0,1.0
3.0,11.0,0.27,300.0,1470.0,0.2,1.0,5.0,0.2,1,1,1.0,0.0
8.5,9.67,0.88,1053.0,1753.33,0.6,1.0,4.67,0.21,8,3,2.67,1.0
18.0,13.0,1.38,3888.0,1920.0,2.02,1.0,6.0,0.17,1,1,1.0,1.0
20.0,5.0,4.0,4536.0,480.0,9.45,9.0,1.0,9.0,1,1,1.0,1.0
11.88,9.33,1.27,1844.12,1552.0,1.19,1.0,4.67,0.21,8,3,2.67,1.0
11.0,20.0,0.55,1764.0,4536.0,0.39,5.0,9.0,0.56,1,1,1.0,0.0
14.0,12.0,1.17,2268.0,2032.57,1.12,1.0,5.43,0.18,1,7,0.14,0.0
16.0,13.0,1.23,2695.0,1680.0,1.6,7.0,1.0,7.0,1,1,1.0,1.0
11.0,14.25,0.77,1440.0,2440.0,0.59,5.0,1.0,5.0,1,4,0.25,0.0
10.5,19.0,0.55,1951.12,5824.0,0.34,5.0,9.0,0.56,8,1,8.0,1.0
8.0,10.0,0.8,1080.0,1386.67,0.78,4.0,4.67,0.86,1,3,0.33,0.0
18.0,4.67,3.85,3888.0,506.0,7.68,8.0,2.33,3.43,1,3,0.33,1.0
13.75,9.0,1.53,3217.0,1176.0,2.74,6.25,4.0,1.56,4,1,4.0,1.0
9.0,17.0,0.53,768.0,4410.0,0.17,1.0,8.0,0.12,1,1,1.0,0.0
5.2,15.5,0.34,705.6,2760.0,0.26,2.6,1.0,2.6,5,2,2.5,1.0
6.0,10.25,0.59,566.0,1618.38,0.35,1.0,4.62,0.22,2,8,0.25,0.0
9.33,6.0,1.55,1373.33,926.38,1.48,4.5,3.12,1.44,6,8,0.75,1.0
20.0,4.0,5.0,4800.0,360.0,13.33,9.0,2.0,4.5,1,1,1.0,1.0
9.0,8.67,1.04,1639.0,1574.17,1.04,4.12,4.17,0.99,8,6,1.33,1.0
14.0,6.0,2.33,2240.0,560.0,4.0,6.0,3.0,2.0,1,1,1.0,1.0
12.57,13.0,0.97,2132.57,2394.75,0.89,5.86,5.88,1.0,7,8,0.88,0.0
7.0,9.0,0.78,780.0,1468.86,0.53,4.0,4.140000000000001,0.97,2,7,0.29,0.0
11.0,12.0,0.92,2333.6,2557.8,0.91,4.8,5.4,0.89,5,5,1.0,1.0
15.0,19.0,0.79,2646.0,4320.0,0.61,7.0,9.0,0.78,1,1,1.0,0.0
12.38,6.0,2.06,1804.38,624.0,2.89,5.5,1.0,5.5,8,2,4.0,1.0
10.0,15.0,0.67,900.0,2744.0,0.33,4.0,1.0,4.0,1,1,1.0,0.0
12.0,13.0,0.92,1620.0,2016.0,0.8,1.0,6.0,0.17,1,1,1.0,0.0
7.0,2.0,3.5,875.0,240.0,3.65,4.0,1.0,4.0,1,1,1.0,1.0
8.57,12.0,0.71,1638.86,1728.0,0.95,4.140000000000001,5.0,0.83,7,1,7.0,1.0
2.0,9.5,0.21,240.0,1272.75,0.19,1.0,4.38,0.23,1,8,0.12,0.0
7.0,8.71,0.8,540.0,1683.71,0.32,4.0,1.0,4.0,1,7,0.14,0.0
10.43,11.5,0.91,1312.57,2084.67,0.63,1.0,5.33,0.19,7,6,1.17,0.0
10.0,5.0,2.0,1120.0,420.0,2.67,4.0,3.0,1.33,1,1,1.0,1.0
20.0,9.2,2.17,6468.0,1588.8,4.07,9.0,1.0,9.0,1,5,0.2,0.0
5.0,8.0,0.62,450.0,1250.5,0.36,1.0,3.67,0.27,1,6,0.17,0.0
3.0,10.0,0.3,300.0,1120.0,0.27,1.0,4.0,0.25,1,1,1.0,0.0
2.0,11.17,0.18,225.0,1998.0,0.11,1.0,5.33,0.19,1,6,0.17,0.0
3.0,17.0,0.18,300.0,3456.0,0.09,2.0,8.0,0.25,1,1,1.0,0.0
9.0,10.25,0.88,900.0,1519.5,0.59,1.0,4.88,0.2,1,8,0.12,0.0
9.0,1.0,9.0,1050.0,180.0,5.83,4.0,1.0,4.0,1,1,1.0,1.0
10.0,15.0,0.67,1176.0,2400.0,0.49,1.0,7.0,0.14,1,1,1.0,0.0
1.0,12.0,0.08,180.0,1680.0,0.11,1.0,5.0,0.2,1,1,1.0,0.0
9.0,13.0,0.69,1176.0,2430.0,0.48,4.0,6.0,0.67,1,1,1.0,0.0
11.67,13.57,0.86,2412.0,2755.29,0.88,5.33,6.29,0.85,3,7,0.43,0.0
14.0,10.0,1.4,1560.0,1260.0,1.24,6.0,4.0,1.5,1,1,1.0,1.0
6.0,9.17,0.65,693.33,1690.0,0.41,2.67,4.33,0.62,3,6,0.5,0.0
7.0,19.0,0.37,540.0,3960.0,0.14,4.0,9.0,0.44,1,1,1.0,0.0
11.29,11.4,0.99,2088.71,1892.4,1.1,5.14,5.2,0.99,7,5,1.4,1.0
10.0,3.0,3.33,1512.0,288.0,5.25,4.0,1.0,4.0,1,1,1.0,1.0
7.0,17.5,0.4,600.0,3604.5,0.17,4.0,8.0,0.5,1,2,0.5,0.0
6.25,11.62,0.54,671.0,1514.0,0.44,3.25,1.0,3.25,4,8,0.5,0.0
8.67,9.0,0.96,1199.0,1681.0,0.71,3.67,4.25,0.86,3,4,0.75,0.0
5.0,13.25,0.38,450.0,2736.75,0.16,3.0,5.88,0.51,1,8,0.12,0.0
17.0,16.0,1.06,4320.0,2520.0,1.71,8.0,7.0,1.14,1,1,1.0,0.0
17.0,8.75,1.94,5292.0,1059.0,5.0,8.0,1.0,8.0,1,4,0.25,0.0
14.0,8.0,1.75,2268.0,1596.0,1.42,1.0,3.67,0.27,1,3,0.33,0.0
13.0,20.0,0.65,1800.0,8424.0,0.21,1.0,9.0,0.11,1,1,1.0,0.0
16.0,8.17,1.96,2160.0,1631.33,1.32,7.0,4.17,1.68,1,6,0.17,0.0
7.0,8.0,0.88,750.0,840.0,0.89,4.0,1.0,4.0,1,1,1.0,1.0
11.0,8.0,1.38,1344.0,1080.0,1.24,5.0,4.0,1.25,1,1,1.0,1.0
10.0,3.0,3.33,1260.0,300.0,4.2,4.0,2.0,2.0,1,1,1.0,1.0
17.0,12.5,1.36,3528.0,2060.0,1.71,1.0,6.0,0.17,1,2,0.5,0.0
5.0,10.0,0.5,450.0,1317.67,0.34,3.0,1.0,3.0,1,6,0.17,0.0
10.0,7.33,1.36,1504.0,869.33,1.73,5.0,3.67,1.36,3,3,1.0,1.0
3.0,9.0,0.33,270.0,1080.0,0.25,2.0,4.0,0.5,1,1,1.0,0.0
5.0,18.0,0.28,600.0,3960.0,0.15,3.0,8.0,0.38,1,1,1.0,0.0
9.88,5.86,1.69,1420.0,765.29,1.86,1.0,2.8600000000000003,0.35,8,7,1.14,1.0
6.83,8.62,0.79,977.5,1359.75,0.72,3.33,1.0,3.33,6,8,0.75,0.0
16.0,11.0,1.45,3024.0,2016.0,1.5,7.0,5.0,1.4,1,1,1.0,0.0
18.0,11.33,1.59,3920.0,2085.33,1.88,1.0,5.33,0.19,1,3,0.33,0.0
19.0,8.0,2.38,4158.0,900.0,4.62,9.0,4.0,2.25,1,1,1.0,1.0
13.0,7.0,1.86,2304.0,735.0,3.13,6.0,4.0,1.5,1,1,1.0,1.0
15.0,8.5,1.76,2380.0,1740.0,1.37,1.0,4.0,0.25,2,2,1.0,0.0
12.0,16.0,0.75,1680.0,2772.0,0.61,5.0,1.0,5.0,1,1,1.0,1.0
4.0,4.0,1.0,400.0,384.0,1.04,2.0,2.0,1.0,1,1,1.0,1.0
1.0,8.5,0.12,192.0,1654.5,0.12,1.0,4.0,0.25,1,2,0.5,0.0
12.0,8.0,1.5,1568.0,840.0,1.87,5.0,4.0,1.25,1,1,1.0,1.0
9.6,8.67,1.11,1625.6,1093.33,1.49,4.4,1.0,4.4,5,3,1.67,1.0
12.0,8.5,1.41,1680.0,1215.38,1.38,5.0,4.12,1.21,1,8,0.12,0.0
7.0,13.0,0.54,800.0,1920.0,0.42,4.0,6.0,0.67,1,1,1.0,0.0
10.0,4.0,2.5,1152.0,375.0,3.07,4.0,2.0,2.0,1,1,1.0,1.0
2.0,8.0,0.25,240.0,800.0,0.3,1.0,4.0,0.25,1,1,1.0,0.0
12.29,15.0,0.82,2200.86,2856.0,0.77,1.0,6.67,0.15,7,3,2.33,1.0
4.0,1.5,2.67,315.0,216.0,1.46,1.0,1.25,0.8,1,4,0.25,0.0
5.0,14.75,0.34,360.0,2936.25,0.12,1.0,1.0,1.0,1,8,0.12,0.0
12.0,15.0,0.8,1680.0,2520.0,0.67,1.0,7.0,0.14,1,1,1.0,0.0
12.0,11.0,1.09,1440.0,2688.0,0.54,1.0,5.0,0.2,1,1,1.0,0.0
10.0,6.5,1.54,1638.67,948.0,1.73,5.0,3.0,1.67,3,2,1.5,1.0
1.0,7.0,0.14,180.0,840.0,0.21,1.0,4.0,0.25,1,1,1.0,0.0
14.0,14.2,0.99,2240.0,2534.2,0.88,6.0,6.4,0.94,1,5,0.2,0.0
11.75,8.5,1.38,2428.88,1455.5,1.67,5.5,4.12,1.33,8,8,1.0,1.0
8.0,12.0,0.67,1440.0,2240.0,0.64,4.0,5.0,0.8,1,1,1.0,0.0
12.75,14.25,0.89,2613.75,2877.0,0.91,6.0,6.5,0.92,8,8,1.0,0.0
20.0,15.0,1.33,3584.0,3528.0,1.02,1.0,7.0,0.14,1,1,1.0,1.0
14.0,19.0,0.74,2160.0,3840.0,0.56,6.0,1.0,6.0,1,1,1.0,0.0
2.0,4.0,0.5,256.0,360.0,0.71,1.0,2.0,0.5,1,1,1.0,0.0
11.6,12.0,0.97,2070.8,2387.0,0.87,5.2,5.75,0.9,5,4,1.25,1.0
14.0,7.0,2.0,2100.0,700.0,3.0,6.0,4.0,1.5,1,1,1.0,1.0
13.0,6.0,2.17,2688.0,900.0,2.99,6.0,3.0,2.0,1,1,1.0,1.0
2.0,11.0,0.18,189.0,2037.43,0.09,1.0,5.14,0.19,1,7,0.14,0.0
7.0,11.0,0.64,1125.0,1350.0,0.83,4.0,5.0,0.8,1,1,1.0,1.0
17.0,3.0,5.67,3528.0,320.0,11.03,1.0,2.0,0.5,1,1,1.0,1.0
12.0,8.5,1.41,1680.0,1527.0,1.1,5.0,4.12,1.21,1,8,0.12,0.0
2.0,10.0,0.2,216.0,1470.0,0.15,1.0,4.0,0.25,1,1,1.0,0.0
5.0,11.0,0.45,500.0,1512.0,0.33,1.0,5.0,0.2,1,1,1.0,0.0
15.33,8.0,1.92,2744.33,1256.0,2.18,6.67,4.0,1.67,3,3,1.0,1.0
10.0,12.0,0.83,1728.0,2352.0,0.73,4.0,1.0,4.0,1,2,0.5,0.0
8.2,17.5,0.47,1835.0,4374.0,0.42,4.0,8.0,0.5,5,2,2.5,1.0
12.5,10.62,1.18,2299.67,1736.5,1.32,5.83,4.88,1.19,6,8,0.75,0.0
15.0,16.0,0.94,4189.5,3136.0,1.34,6.75,1.0,6.75,4,1,4.0,1.0
13.5,13.83,0.98,3136.25,3072.0,1.02,6.25,6.33,0.99,4,6,0.67,0.0
12.0,8.2,1.46,1440.0,1409.4,1.02,1.0,4.0,0.25,1,5,0.2,0.0
10.33,10.0,1.03,1525.0,1260.0,1.21,4.67,1.0,4.67,3,1,3.0,1.0
7.75,2.0,3.88,939.25,240.0,3.91,1.0,1.0,1.0,8,1,8.0,1.0
14.67,10.17,1.44,2669.33,2008.33,1.33,1.0,4.83,0.21,3,6,0.5,0.0
20.0,16.0,1.25,6160.0,2700.0,2.28,9.0,1.0,9.0,1,1,1.0,1.0
9.5,10.5,0.9,1393.0,1264.0,1.1,4.5,1.0,4.5,6,2,3.0,1.0
13.0,14.0,0.93,2592.0,2294.0,1.13,6.0,6.33,0.95,1,3,0.33,0.0
14.0,1.0,14.0,2000.0,180.0,11.11,6.0,1.0,6.0,1,1,1.0,1.0
10.0,10.0,1.0,1668.0,1725.0,0.97,4.75,1.0,4.75,8,2,4.0,1.0
7.2,6.4,1.12,1153.4,803.0,1.44,3.6,3.0,1.2,5,5,1.0,1.0
2.0,7.0,0.29,225.0,600.0,0.38,1.0,1.0,1.0,1,1,1.0,0.0
12.0,9.6,1.25,2240.0,1606.8,1.39,5.0,4.4,1.14,1,5,0.2,0.0
7.0,2.0,3.5,720.0,216.0,3.33,1.0,1.0,1.0,1,1,1.0,1.0
12.0,7.57,1.59,1680.0,1224.29,1.37,5.0,3.86,1.3,1,7,0.14,0.0
14.86,14.0,1.06,2998.14,2268.0,1.32,6.86,6.0,1.14,7,1,7.0,1.0
19.0,19.0,1.0,4000.0,4896.0,0.82,9.0,9.0,1.0,1,1,1.0,1.0
9.0,18.0,0.5,768.0,7056.0,0.11,4.0,8.0,0.5,1,1,1.0,0.0
7.0,4.0,1.75,630.0,336.0,1.88,1.0,2.0,0.5,1,1,1.0,0.0
3.0,17.0,0.18,288.0,3866.25,0.07,2.0,7.75,0.26,1,4,0.25,0.0
16.5,12.2,1.35,3192.0,2096.0,1.52,1.0,5.4,0.19,2,5,0.4,0.0
20.0,10.4,1.92,8281.0,1664.4,4.98,9.0,5.2,1.73,1,5,0.2,0.0
14.0,10.6,1.32,3480.2,2088.0,1.67,6.4,4.6,1.39,5,5,1.0,1.0
15.0,14.0,1.07,2688.0,3024.0,0.89,1.0,6.0,0.17,1,1,1.0,0.0
9.5,6.0,1.58,1525.5,735.14,2.08,1.0,1.0,1.0,8,7,1.14,1.0
19.0,3.0,6.33,3960.0,270.0,14.67,9.0,1.0,9.0,1,1,1.0,1.0
10.43,9.0,1.16,1559.43,1374.67,1.13,4.859999999999999,4.33,1.12,7,3,2.33,1.0
5.0,15.0,0.33,480.0,2520.0,0.19,1.0,7.0,0.14,1,1,1.0,0.0
19.0,15.0,1.27,6048.0,3411.0,1.77,9.0,7.0,1.29,1,4,0.25,0.0
6.0,20.0,0.3,600.0,5040.0,0.12,1.0,1.0,1.0,1,1,1.0,0.0
18.0,13.0,1.38,3969.0,2510.67,1.58,1.0,1.0,1.0,1,3,0.33,0.0
9.0,17.0,0.53,1050.0,3150.0,0.33,1.0,8.0,0.12,1,1,1.0,0.0
18.0,10.5,1.71,3888.0,2123.5,1.83,8.0,5.0,1.6,1,6,0.17,0.0
9.0,9.0,1.0,1554.0,1065.0,1.46,4.5,1.0,4.5,2,2,1.0,0.0
18.0,3.0,6.0,5292.0,288.0,18.38,8.0,1.0,8.0,1,1,1.0,1.0
6.0,2.0,3.0,720.0,232.5,3.1,3.0,1.0,3.0,1,2,0.5,1.0
16.0,9.0,1.78,2880.0,960.0,3.0,1.0,4.0,0.25,1,1,1.0,1.0
12.0,7.62,1.57,1056.0,1597.0,0.66,5.0,3.62,1.38,1,8,0.12,0.0
16.0,11.0,1.45,3780.0,1280.0,2.95,7.0,5.0,1.4,1,1,1.0,1.0